2013-11-25,"a #olbia adesso c ' √® bisogno di stufe . dopo la pioggia √® arrivato il freddo . passate parola , ritwittate . #sardegna #alluvi ‚Ä¶"
2013-11-25,"alluvione sardegna , primo atto del commissario : 200 euro a persona : caritas olbia : servono con urgenza viveri , . . . <URL>"
2013-11-25,#noallaviolenzasulledonne gli appuntamenti a #cagliari #violenzasulledonne #sardegna <URL>
2013-11-25,oggi dalle mie parti c ' √® un sole meraviglioso . spero passa essere uguale in #sardegna
2013-11-25,rt <USR> #alluvione #sardegna : dieci giorni per riparare i danni fra #sangavino e #abbasanta <URL> ‚Ä¶
2013-11-25,emergenza alluvione in sardegna alitalia trasporta beni di prima necessit√† e apre una sottoscrizione <URL> #aviazione #volo
2013-11-25,#youreporter l ‚Äô alluvione in sardegna raccontata attraverso i video amatoriali . lo speciale su ‚Ä¶ <URL>
2013-11-25,"a #olbia adesso c ' √® bisogno di stufe . dopo la pioggia √® arrivato il freddo . passate parola , ritwittate . #sardegna #alluvi ‚Ä¶"
2013-11-25,"alluvione sardegna , 73 scuole danneggiate ma entro sabato tutti di nuovo in classe : riprendono le lezioni in s . . . <URL>"
2013-11-25,"la #comi sugli scantinati in #sardegna √® top , <USR> . milan , quando puoi chiamala e chiedile lumi sul #pianocasa #lombardia ."
2013-11-25,non spegnete i riflettori sulla #sardegna c ' √® ancora bisogno di #aiuto #800sfollati #allertameteosar <USR> grazie di cuore
2013-11-25,non spegnete i riflettori sulla #sardegna c ' √® ancora bisogno di #aiuto #800sfollati #allertameteosar <USR> grazie ‚Ä¶
2013-11-25,non spegnete i riflettori sulla #sardegna c ' √® ancora bisogno di #aiuto #800sfollati #allertameteosar grazie di cuore <USR>
2013-11-25,#sardegna c ' √® ancora bisogno di #aiuto #800sfollati #allertameteosar #buonanotte #olbia non dimentichiamo #governo . ht ‚Ä¶
2013-11-25,mi manca il micione affettuoso sulla terrazza di <USR> . #sardegna #pazzaidea
2013-11-25,"le foto dalla sardegna , una settimana dopo l ' alluvione ( e qualche aggiornamento ) <URL> <URL>"
2013-11-18,"foto - michela murgia , il vestito del "" campiello "" venduto all ' asta per 1.250 euro <URL> #sardegna <URL>"
2013-11-18,good morning ! the beautiful sardinia is the perfect monday pick me up . . . #sardinia #italy #italiamag <URL>
2013-11-18,"maltempo sardegna : alluvione e burrasche , superati i 2 4 0 mm . peggiora anche sul resto d ' italia : aggiornamento o . . . <URL>"
2013-11-18,cos√¨ il #maltempo ha sconvolto la #sardegna <URL> <URL>
2013-11-18,maltempo in sardegna : alluvione nell ' oristano l ' acuta fase di maltempo a causato allagamenti e anche un morto in . . . <URL>
2013-11-18,"alluvione sardegna , il maltempo uccide : una vittima e due dispersi <URL>"
2013-11-18,"l ' #italia in queste ore ha un problema serio di cui nessuno parla , la #sardegna nell ' oristanese √® completamente sott ' acqua . tutto normale ?"
2013-11-18,"alluvione in sardegna , crolla un altro ponte in provincia di olbia : tante auto coinvolte - meteo web <URL>"
2013-11-18,"#alluvione in #sardegna , almeno un morto e 5 dispersi : scenari drammatici [ foto ] - - > <URL>"
2013-11-18,"la tristezza infinita di veder che nessun canale o tg apre una finestra sulla mia #sardegna morti , dispersi , sfollati . sardi , soli , isolati -.-"
2013-11-18,""" <USR> : #olbia <URL> #emergenza <USR> svegliaaaaaaaaaa . . . . . . #sos #esercito ! ! ! #sardegna """
2013-11-18,"quattro morti , alcuni dispersi : la #sardegna non fa notizia neanche quando viene flagellata dal maltempo"
2013-11-18,"quattro morti , alcuni dispersi : la #sardegna non fa notizia neanche quando viene flagellata dal maltempo"
2013-11-18,cos√¨ il #maltempo ha sconvolto la #sardegna <URL> <URL>
2013-11-18,la #sardegna colpita da un ' alluvione che non ha precedenti . le foto di #olbia ricordano tristi momenti vissuti in vda . malt ‚Ä¶
2013-11-18,#sardegna evacuazione centro abitato terralba : stanno chiedendo di lasciare le case agli abitanti via rio mogoro
2013-11-18,<URL> un pensiero a queste persone e a chi sta ancora aspettando i soccorsi . #sardegna #allertameteosar
2013-11-18,"#sardegna non piove quasi mai , ma quando lo fa , fa danni !"
2013-11-18,#sardegna #oristano #tiria meno f35 pi√π protezione civile <URL>
2013-11-18,"la #sardegna : da sempre dimenticata nel mare , visibile solo d ' estate con culi e tette vip . l ' alluvione non cambia l ' attegg ‚Ä¶"
2013-11-18,"<USR> - #ciclone #cleopatra , un fiume di fango travolge la zona di #nuoro <URL> #sardegna"
2013-11-18,la #sardegna nel cuore . ti rialzerai pi√π bella di prima .
2013-11-18,"alluvione in #sardegna , circa 1.000 evacuati in provincia di #oristano <URL>"
2013-11-18,"*diffondete* #sardegna #maltempo : nella zona di #olbia il 115 √® in tilt . numeri alternativi : 0789 / 69502 , 0789 / 52020 e 366 / ‚Ä¶"
2013-11-18,il silenzio sulla #sardegna √® scandaloso . . fosse stato in estate mi immagino servizi e servizi . . . #allertameteosar
2013-11-18,"<USR> anche a me tanto , il popolo sardo √® un popolo forte , tenace , con la testa dura , sapranno rialzarsi ;-) #sardegna ‚Ä¶"
2013-11-18,alluvione in #sardegna #youreporter <URL>
2013-11-18,"#sardegna #maltempo : ancora un drammatico aggiornamento . sono nove le persone che hanno perso la vita a #olbia , #torp√® , #u ‚Ä¶"
2013-11-18,"siete in diretta , non un accenno alla #sardegna ? #allertameteosar #piazzapulita"
2013-11-18,<USR> olbia - dintorni : chi ha mezzi pesanti ( terne e simili ) √® invitato a mettersi a disposizione . <URL> #sardegna
2013-11-18,rt importante [ 18.11-23 : 20 ] #sardegna + + + per emergenze usare solo115 + + + non altri numeri interni dei vvff #allertameteosa ‚Ä¶
2013-11-18,rt importante [ 18.11-23 : 20 ] #sardegna + + + per emergenze usare solo115 + + + non altri numeri interni dei vvff #allertameteosa ‚Ä¶
2013-11-18,#sardegna niente soldi per le manutenzioni alle province cancellate e cos√¨ crollano i ponti e le strade e si muore d ' acqua ‚Ä¶
2013-11-18,"solidariet√† a tutta la #sardegna : qua non piove spesso , ma quando piove fa un casino terribile !"
2013-11-18,"news italia , #maltempo sulla penisola : #ciclone in #sardegna , donna muore annegata - - - > <URL> <USR>"
2013-11-18,"zona di olbia il 115 √® in tilt . numeri alternativi : 0789 / 69502 , 0789 / 52020 e 366 / 6617681 . #allertameteosar #sardegna"
2013-11-18,rt importante [ 18.11-23 : 20 ] #sardegna + + + per emergenze usare solo115 + + + non altri numeri interni dei vvff #allertameteosa ‚Ä¶
2013-11-18,#sardegna i dirigenti pd preoccupati della conta dei voti . tutti gli altri nella merda a contare i danni e i morti . #vergogna
2013-11-18,"la campania avvelenata , la #sardegna sott ' acqua . . . ok adesso pu√≤ bastare , vero ?"
2013-11-18,"olbia , chiusura scuole per maltempo #sardegna #allertameteosar <URL>"
2013-11-18,#sardegna sommersa dall ' acqua : nove vittime <URL>
2013-11-18,rt importante [ 18.11-23 : 20 ] #sardegna + + + per emergenze usare solo115 + + + non altri numeri interni dei vvff #allertameteosa ‚Ä¶
2013-11-18,"dopo la #sardegna forti piogge e temporali possibili su : lazio , campania , sicilia , poi anche su calabria specie ionica e salen ‚Ä¶"
2013-11-18,"tg5 :( 23:21 ) nove i morti per l ' alluvione che ha devastato la sardegna . regione in ginocchio tra ponti crollati , voragini e ‚Ä¶"
2013-11-18,rt importante [ 18.11-23 : 20 ] #sardegna + + + per emergenze usare solo115 + + + non altri numeri interni dei vvff #allertameteosa ‚Ä¶
2013-11-18,vicino agli amici della #sardegna
2013-11-18,#sardegna √© #italia . massimo sforzo sin da stanotte per aiutare la regione sardegna . #nessundorma #allertameteosar <USR>
2013-11-18,alluvione in #sardegna : evacuato il comune di torp√® . scatta l ' allarme per il pericolo del cedimento della diga : <URL>
2013-11-18,"#sardegna un popolo fiero e pieno di forza , che si trova a combattere un evento atmosferico tremendo . coraggio"
2013-11-18,a cagliari riprende a tuonare #allertameteosar #sardegna :(
2013-11-18,alluvione in #sardegna : evacuato il comune di torp√® . scatta l ' allarme per il pericolo del cedimento della diga : <URL>
2013-11-18,un pensiero per una terra bellissima messa in ginocchio da un violento nubifragio #sardegna
2013-11-18,#olbia <USR> vorrei che il ministro <USR> si vergognasse per il suo silenzio sulla #sardegna 9 morti dozzi ‚Ä¶
2013-11-18,alluvione #sardegna : evacuato comune torp√® . allarme ! √® ceduta la diga : #allertameteosar
2013-11-18,<USR> emergenza24 5 5 m rt importante [ 18.11-23 : 20 ] #sardegna + + + per emergenze usare solo115 + + + non altri numeri interni dei vvff
2013-11-18,"#sardegna "" metto a disposizione il mio b & b . senza problemi contattatemi , il mio num e ' 3939800313 ( jobee azara ) #allertameteo ‚Ä¶"
2013-11-18,"#olbia il 115 √® in tilt . numeri alternativi : 0789 / 69502 , 0789 / 52020 e 366 / 6617681 . fate girare ! #sardegna 9 morti 12 di ‚Ä¶"
2013-11-18,"il maltempo uccide in #sardegna . almeno nove le #vittime , si cercano i dispersi #allertameteosar cristian sumoru . . . <URL>"
2013-11-18,comune di palau . #sardegna . https://t.co/hmme2jj2x6
2013-11-18,il mio pensiero alla #sardegna #olbia facciamo tam tam per aiuti ! #aiutiamolasardegna <USR>
2013-11-18,"#allertameteosar diffondete * #sardegna nella zona di #olbia il 115 √® in tilt . numeri alternativi : 0789 / 69502 , 0789 / 52020 e 366 / 6617681 ."
2013-11-18,"a #portaaporta alfano , a #piazzapulita grillo , nel frattempo la terra si ribella . nessuno parla dello strazio dell ' isola che affonda . #sardegna"
2013-11-18,rt <USR> : aprite tutti i wi - fi in #sardegna #allertameteosar
2013-11-18,"numeri telefono per emergenze comune #uras 348 / 7074692 , 347 / 1240911 <URL> #allertameteosar #sardegna"
2013-11-18,[ 19.11-00 : 30 ] #sardegna + + + le istruzioni per aprire il wifi + + + <URL> #allertameteosar #emergenza24
2013-11-18,#sardegna #oristano #tiria meno f35 pi√π protezione civile <URL>
2013-11-18,‚Äú <USR> : [ 18.11-23 : 20 ] #sardegna + + + per emergenze usare solo115 + + + non altri numeri interni dei vvff #allertameteos ‚Ä¶
2013-11-18,questa notte la passo tutta con la #sardegna #iostoconloro #forza
2013-11-18,per non parlare di #merdaset che se ne fotte altamente di lanciare un ' edizione del tg per la #sardegna . #allertameteos ‚Ä¶
2013-11-18,"#sardegna "" metto a disposizione il mio b & b . senza problemi contattatemi , il mio num e ' 3939800313 ( jobee azara ) #allertameteo ‚Ä¶"
2013-11-18,"#allertameteosar diffondete * #sardegna nella zona di #olbia il 115 √® in tilt . numeri alternativi : 0789 / 69502 , 0789 / 52020 ‚Ä¶"
2013-11-18,"a nome di tutta la #sardegna , vi ringrazio di cuore per tutto quello che state facendo ! ! siete meravigliosi ! ! #allertameteo ‚Ä¶"
2013-11-18,"#allertameteosar diffondete * #sardegna nella zona di #olbia il 115 √® in tilt . numeri alternativi : 0789 / 69502 , 0789 / 52020 ‚Ä¶"
2013-11-18,"maltempo #sardegna , esondazioni ed allagamenti : video #olbia ‚Äì youreporter news <URL>"
2013-11-18,#allertameteosar #sardegna c ' √® bisogno di aiuto <USR> <USR> <USR> parlano di solite stupidaggini hanno bisogn ‚Ä¶
2013-11-18,"la #sardegna : da sempre dimenticata nel mare , visibile solo d ' estate con culi e tette vip . l ' alluvione non cambia l ' attegg ‚Ä¶"
2013-11-18,"#allertameteosar #sardegna #olbia "" metto a disposizione il mio b & b . senza problemi contattatemi , il mio numero √® 393980031 ‚Ä¶"
2013-11-18,"#torpƒó #sardegna : "" invalida non riesce a fuggire , paese in ginocchio . <URL>"
2013-11-18,#sardegna #allertameteosar scatenare gli aiuti #masubito
2013-11-18,"#olbia il 115 √® in tilt . numeri alternativi : 0789 / 69502 , 0789 / 52020 e 366 / 6617681 . fate girare ! #sardegna 9 morti 12 di ‚Ä¶"
2013-11-18,"#olbia il 115 non funziona . numeri alternativi per emeregenze : 0789 / 69502 , 0789 / 52020 e 366 / 6617681 #sardegna"
2013-11-18,"#olbia il 115 non funziona . numeri alternativi per emeregenze : 0789 / 69502 , 0789 / 52020 e 366 / 6617681 #sardegna"
2013-11-18,"#allertameteosar #sardegna #olbia "" metto a disposizione il mio b & b . senza problemi contattatemi , il mio numero e ' 3939800 ‚Ä¶"
2013-11-21,sono orgogliosa di te #sardegna mia ! ! ! ora pi√π che mai ! ! ! #forzasardegna ! ! #buonanotte . . .
2013-11-21,solidariet√† da parte di tutto il m5s sicilia al popolo della #sardegna #forzasardegna #sicilia5stelle #m5s
2013-11-21,emergenza alluvione sardegna la caritas diocesana di cagliari ha promosso una raccolta di biancheria intima . . . <URL>
2013-11-21,sardinia measures damage of cyclone cleopatra <URL>
2013-11-21,"bandiere a mezz ' asta , tromba che intona il silenzio in memoria dei figli di #sardegna vivi per sempre nei nostri cuori . #lutto ‚Ä¶"
2013-11-21,la #sardegna piange i suoi morti #alluvione - #giornaleditalia <URL>
2013-11-21,"alluvione in sardegna , lo sfogo di renato soru : "" colpa di ingordi e speculatori "" - repubblica tv . . . <URL>"
2013-11-21,alluvione #sardegna : 2 inchieste per #omicidio colposo dalle procure di tempio e di nuoro ( i morti sono per ora 16 )
2013-11-21,"informazione : alluvione sardegna , siddi ( fnsi ) : grande ruolo delle testate regionali <URL>"
2013-11-21,sardegna ricerche / <USR> seleziona 13 collaboratori per il progetto smart city <URL> #lavoro #sardegna
2013-11-21,"donazioni alluvione sardegna : ecco come fare , numeri e c / c utili ! - sardegna <URL>"
2013-11-21,"la denuncia di gasparri : "" a due giorni dall ' alluvione la sardegna √® ancora circondata dall ' acqua "" ."
2013-11-21,ancora allerta meteo in #sardegna con la pioggia minacciosa ! <URL> #allertameteosar #forzasardegna
2013-11-21,#allertameteosar #paolofresu : ¬´ la #sardegna ci sta dicendo di fermarci ¬ª <URL>
2013-11-21,parole accazzo : <URL> #laracomi #sardegna
2013-11-21,mandiamo tutti un sms al 45500 ! la #sardegna ha bisogno di tutti noi . . loro ci offrono spledidi periodi di ferie ringraziam ‚Ä¶
2013-11-21,"protezione civile #sardegna "" interrompere invio aiuti ai centri di raccolta poich√© sono ormai saturi "" <URL> #allertameteosar"
2013-11-21,alluvione sardegna protezione civile chiede sospendere invio aiuti : centri raccolta per ora sono saturi #allertameteosar
2013-11-21,#sardinia #skies <URL>
2013-11-21,#sardegna #forzasardegna #grazie ai soccorritori oltre a salvare le xsone si occupano anche amici 4 zampe <URL>
2013-11-21,in cdm abbiamo stabilito che domani √® giorno di lutto nazionale per la tragedia della #sardegna
2013-11-21,"aiuta la #sardegna , dona ora 2 euro al 45500 da mobile e fisso e sostieni con la #crocerossa la popolazione . <URL>"
2013-11-21,oltre al lutto regionale decretato ieri il cdm governo ha stabilito che domani sar√† osservato lutto nazionale #sardegna ‚Ä¶
2013-11-21,alluvione #sardegna - protezione civile invita a sospendere invio aiuti : centri raccolta saturi <URL> #allertameteosar
2013-11-21,stop con legge costituzionale ogni genere di condono ! basta abusivismo #sardegna #sardegna #allertameteosar #condono #letta #renzirisponde
2013-11-21,al 45500 possiamo inviare un #sms . un piccolissimo aiuto #proalluvione #sardegna .
2013-11-21,emergenza #sardegna . iniziativa di raccolta fondi del #credito #cooperativo . grazie ! #forzasardegna <URL>
2013-11-21,‚Äú <USR> protez civ sardegna chiede di sospendere l ' invio di aiuti . i centri di raccolta sono ormai saturi . #allertameteosar #sardegna ‚Äù
2013-11-21,"<USR> aiuta la #sardegna con la #crocerossa , dona ora 2 euro al 45500 da mobile e fisso . <URL>"
2013-11-21,tutti insieme per la #sardegna ! ! !
2013-11-21,centri raccolta saturi : protezione civile #sardegna invita ad interrompere invio di aiuti ai centri <URL>
2013-11-21,<URL> #art #sardinia #interview #event #reportage
2013-11-21,oltre | satira . #civati propone di donare i due euro delle primarie del #pd alla #sardegna . ora bisogner√† solo . . . http :// ‚Ä¶
2013-11-21,"alluvione in sardegna , l ‚Äô allarme via fax nei municipi gi√† chiusi - corriere . it <URL>"
2013-11-21,ora spiegatemi perch√© per dei miei connazionali il #luttonazionale arriva dopo 3 giorni mentre per degli stranieri immediatamente ? #sardegna
2013-11-21,"voglio vedere chi ha da ridere su <USR> #m5s sull ' alluvione in #sardegna : <URL> anzi , #pd e ‚Ä¶"
2013-11-21,alluvione in sardegna : la solidariet√† e il cordoglio di fratelli d ‚Äô italia <URL>
2013-11-21,#sardegna : colpiti animali e campagne . e ' #emergenza cibo per greggi isolati - #protezionecivile #allertameteosar - ht ‚Ä¶
2013-11-21,"<USR> aiuta la #sardegna , dona ora 2 euro al 45500 da mobile e fisso e sostieni con la #crocerossa la popolazione ."
2013-11-21,forza #sardegna sms 45500 <URL>
2013-11-21,sosteniamo la #sardegna acquistando prodotti locali . si chiama solidariet√† non elemosina
2013-11-21,<USR> sei un tesoro . in questo momento questo √® il volto della #sardegna #narrarte <URL> ciusa http :/ ‚Ä¶
2013-11-21,mt <USR> la #sardegna autorizza #osm ad uso e importazione del sit regionale :) <USR> <URL> <USR>
2013-11-21,"appello della #caritas : "" servono volontari materassi , lenzuola e coperte per il nord e centro sardegna "" . #sardegna #alle ‚Ä¶"
2013-11-21,un pensiero particolare agli amici della #sardegna #solidariet√† ! ! buonanotte cari amici ! ogni bene ! ! :)
2013-11-21,"#allertameteosar di livello rosso per tempeste a partire da oggi 21 novembre 2013 , 16:00 fino a sabato #rt #sardegna ht ‚Ä¶"
2013-11-21,#sardegna 5000‚Ç¨ in cibo e cucce a #canile villacidro : grazie a voi e donazione <USR> <URL> http :// ‚Ä¶
2013-11-21,"<USR> ciao ! per una maggiore divulgazione dei tweet , sarebbe meglio accompagnare le info e richieste con un hashtag - - > #sardegna :)"
2013-11-21,"la #sardegna frana , #laquila √® in macerie , la #terradeifuochi muore ? dobbiamo fare tav ! altrimenti gli amici del #pd come ‚Ä¶"
2013-11-21,oltre al lutto regionale decretato ieri il cdm governo ha stabilito che domani sar√† osservato lutto nazionale #sardegna ‚Ä¶
2013-11-21,""" come si fa a rifugiarsi in uno scantinato ? "" . e ora : "" dovevano salire "" > <URL> #sardegna"
2013-11-21,tracimazione alla diga di torp√® #sardegna <URL>
2013-11-21,"abbiamo sbagliato in ci√≤ di cui ci riteniamo pi√π bravi . comunicazione in tempo reale , allarme , divulgazione . avremmo potuto #sardegna"
2013-11-21,"#sardegna #alluvione il mio amico <USR> ha portato a #uras il suo aiuto , c ' √® bisogno di tutto ! info nell ' immagine http :// t ‚Ä¶"
2013-11-21,"#sardegna "" prima si mangiano i soldi poi pensano a noi "" #serviziopubblico"
2013-11-21,#sardegna mia #serviziopubblico
2013-11-21,il ricavato delle votazioni di #xf7 verr√† devoluto alle popolazioni colpite dall ' alluvione in #sardegna grazie #xfactor
2013-11-21,"#sardegna "" 50 anni di lavoro persi cosi "" #serviziopubblico"
2013-11-21,"aiuta la #sardegna , dona ora 2 euro al 45500 da mobile e fisso e sostieni con la #crocerossa la popolazione . <URL>"
2013-11-21,#sardegna 45500 2‚Ç¨ . aiutiamoci tra noi . basta un ' poco ' di tutti per aiutare tanto tutti .
2013-11-21,"#sardegna ecco l ' elenco completo delle chiusure , strada per strada : <URL>"
2013-11-21,alluvione in sardegna : domani lutto nazionale . aperte due inchieste <URL>
2013-11-21,<USR> #gazebo non dimenticatevi di noi ! ! #forzasardegna #sardegna
2013-11-24,#sardegna : sono 60 i #comuni colpiti da #tragedia . la #magistratura indaga #ciclonesardegna #forzasardegna . . . <URL>
2013-11-24,"travolta dall ‚Äô alluvione in sardegna , sasha ritrova i suoi padroni <URL> #attualit√†"
2013-11-24,regione sardegna - l ' elenco ufficiale dei 53 comuni colpiti dall ' alluvione <URL>
2013-11-24,#sardegna : in un comune su cinque costruiti edifici pubblici in aree a rischio .
2013-11-24,"alluvione sardegna : l ' assassino e ' ( anche ) la protezione civile ? nel 2013 mandano fax , di . . . <URL>"
2013-11-24,"comunque in sardegna l ' #allertameteosar ha bisogno di ricevere informazioni dai luoghi dell ' alluvione . su , pigroni . d ‚Ä¶"
2013-11-24,qui si possono trovare info su #alluvione #uras https://t.co/8djwfxpvo2 #sardegna #allertameteosar #forzasardegna
2013-11-24,alluvione sardegna <URL> <URL>
2013-11-24,"#sardegna scarico di responsabilit√† . solita storia . cosa c ' √® di difficile da comprendere nella definizione  "" criticit√† elevata "" ?"
2013-11-24,#sardegna . presto i riflettori saranno spenti e il nubifragio dell ' indifferenza travolger√† l ' isola . . .
2013-11-24,"alluvione , cappellacci : sbloccare patto stabilit√† ( la nuova sardegna ) <URL>"
2013-11-24,"please pray for the flooding victims in #sardinia ! many have been displaced due to flooding , but we know #god provides , amen ! ,"
2013-11-24,questo √® il simbolo del lutto pubblicato sulla nuova . chi vuole pu√≤ usarlo per il propripo profilo #sardegna http :// t . ‚Ä¶
2013-11-24,lontani . . ma vicini col ‚ù§Ô∏è #sardegna #sardegnatiamo <URL>
2013-11-24,"ultime notizie flash alluvione in sardegna , il ministro dell ' ambiente orlando : ‚Äú altri . . . ultime notizie flash . . . <URL>"
2013-11-24,comunque oggi √® stato bello quando tutti i calciatori di tutti i campi si sono raccolti in silenzio per la #sardegna !
2013-11-24,lo sappiamo <USR> per questo usiamo questo momento per informare sul disastro in #sardegna ma anche a #catanzaro ‚Ä¶
2013-11-24,a #olbia c ' √® bisogno di cibi in scatola e e detersivi . per ora non servono vestiti . ritwittate per favore #sardegna #all ‚Ä¶
2013-11-24,a #olbia c ' √® bisogno di cibi in scatola e e detersivi . per ora non servono vestiti . ritwittate per favore #sardegna #all ‚Ä¶
2013-11-24,a #olbia c ' √® bisogno di cibi in scatola e e detersivi . per ora non servono vestiti . ritwittate per favore #sardegna #all ‚Ä¶
2013-11-24,in #sardegna avevano costruito proprio sui letti del fiume o su aree a rischio idrogeologico <USR>
2013-11-16,#oristano celebra gli avieri sardi morti a #sutri - furono trucidati dai #nazisti nel 1943 #sardegna #guerra . . . <URL>
2013-11-16,"cala soraya , la nostra spiaggia preferita a spargi , arcipelago di la maddalena , #sardegna . <URL> rt via ‚Ä¶"
2013-11-16,"#instacollage #family <USR> , luigi , giulio , #summermemories #sardegna <URL>"
2013-11-16,#italy #sardinia #cagliari #weekends <URL>
2013-11-27,alghero ( ss ) - scatto di paolo calaresu <URL> #sardegna #fotografia <URL>
2013-11-27,il mio augurio alla #sardegna . una nuova alba #forzasardegna <USR> <USR> <USR> <USR> <USR> http :// ‚Ä¶
2013-11-27,alluvione in sardegna e dissesto in italia : la denuncia di gabrielli <URL>
2013-11-27,"tanta acqua in #sardegna , quando abbiamo deciso di farla arrivare "" per forza "" , il guastafeste - #cagliaripad <URL>"
2013-11-27,<USR> vedremo di organizzarci con un bel souvenir dalla #sardegna per #bto2013 #itisme
2013-11-27,check out #romance novel ' the whispering wind ' from <USR> <URL> #spshow #sardinia
2013-11-17,#cartoline dalla #sardegna : la gioia di praticare gli sport preferiti godendo dell ' ossigeno e dello iodio di un . . . <URL>
2013-11-17,il #dolce sardo delle spose <URL> #matrimonio #sardegna #sposa #dolci #torte #sardegna #foodporn
2013-11-20,"alluvione in #sardegna : di chi √® la colpa ? ne parliamo ora con anthony muroni , direttore de <USR> su #canale5 #matrix5"
2013-11-20,forza ragazzi aiutiamo tutti la #sardegna iban it 03 s 03069 09400 000000006262 . beneficiario : mediafriends . causale : ‚Ä¶
2013-11-20,cyclone cleopatra ! what a name
2013-11-20,<USR> come va in #sardegna :(
2013-11-20,#buonanotte a chi questa notte non potr√† passarla nel proprio letto e nella propria casa #prayforsardinia #sardegna
2013-11-20,aerial images of sardinia after fatal cyclone cleopatra | world news | watch : <URL>
2013-11-20,‚Äú flash floods on italy ' s sardinia leave 18 dead - youtube ‚Äù <URL>
2013-11-20,"' apocalyptic ' storm floods sardinia , 17 dead - by nicole . . . <URL> #costasmeralda #follownicolewinfield #markssquare"
2013-11-20,alluvione sardegna . i geologi : ‚Äú oltre 6 milioni gli italiani a rischio ‚Äù - <URL> <URL>
2013-11-20,alluvione in sardegna : 18 morti letta vola a olbia : ' ' lo stato c ' √® ' ' ( adnkronos / ign ) <URL>
2013-11-20,#sardinia : deadly #floods after #apocalyptic #storm <URL> <URL>
2013-11-20,resisti #sardegna <URL>
2013-11-20,"alluvione sardegna : 14 squadre delle misericordie pronte a partire da toscana , lazio e umbria <URL>"
2013-11-20,"#sardegna : 16 morti , 2300 sfollati <URL>"
2013-11-20,storm brings flooding and destruction to sardinia <URL>
2013-11-20,lo straordinario si previene con l ' ordinario . fare prima per non piangere dopo . #sardegna
2013-11-20,<URL> #sardegna #fotografia <URL>
2013-11-20,governo stanzia 20 milioni per catastrofe in #sardegna . e intanto regala altri 700 milioni alle banche tramite la cassa dep ‚Ä¶
2013-11-20,<USR> #forzasardegna #sardegna
2013-11-20,"#sardegna , si contano i danni . allerta meteo anche oggi <URL> #cronaca"
2013-11-20,buongiorno . . . . . il primo pensiero va alla #sardegna üòî üôè
2013-11-20,""" <USR> : #mediafriends iban : it 03 s 03069 09400 000000006262 causale : #alluvione #sardegna aiutiamo la sardegna r ‚Ä¶"
2013-11-20,la sardegna si poteva salvare dall ' alluvione ? - giornalettismo <URL> via <USR>
2013-11-20,"' apocalyptic ' storm floods sardinia , 16 dead <URL> via <USR>"
2013-11-20,<URL> <USR> <USR> #sardegna #sardegnaciclone #allertameteosar #pprsardegna
2013-11-20,"spendiamo miliardi per aerei militari , ed oggi c ' era un solo elicottero in tutta la #sardegna vergognatevi ! #allertamete ‚Ä¶"
2013-11-20,forza #sardegna ! #alluvione #ciclone #cleopatra #piogge #italia <USR> <USR> <USR> <USR> <URL>
2013-11-20,"chi fa audience parlando di digrazie e tragedie , mi fa schifo ! #sardegna #portaaporta #matrix"
2013-11-20,tragedia annunciata #sardegna <URL>
2013-11-20,"#saccomanni sbaglia i conti , #sardegna devastata , manca #lavoro , ma si parla solo della #cancellieri e delle primarie #pd <USR>"
2013-11-20,rete di solidariet√† della #confcoopetative #sardegna per l ' emergenza #allertameteosar <URL>
2013-11-20,"e <USR> non resiste a mettere in prima pagina "" i volti della tragedia "" minori inclusi . scusali #sardegna . http ‚Ä¶"
2013-11-20,"#sardegna travolta dall ' acqua , 16 morti e un disperso <URL> #cronaca"
2013-11-20,buongiorno . . . . . il primo pensiero va alla #sardegna üòî üôè
2013-11-20,ma il governo non si √® ancora espresso sul #luttonazionale per la #sardegna ? #sardegnaciclone
2013-11-20,#alluvione #sardegna come si sta muovendo la caritas di sassari <URL> #caritas #cleopatra #forzasardeg ‚Ä¶
2013-11-20,"la #sardegna non √® separata dal continente solo per il mare , ma dall ' ignavia dei politici che non l ' hanno considerata importante"
2013-11-20,i geologi sull ' alluvione in sardegna : ' nel 2013 non si puo ' morire cosi ' | <URL> <URL> via <USR>
2013-11-20,#forzasardegna <USR> <USR> #sardegna <URL>
2013-11-20,"tutte le #alluvioni , i #terremoti e le #catastrofi naturali che hanno segnato il #paese nel secolo scorso <URL> #sardegna"
2013-11-20,papa : non possiamo non ricordare le vittime della recente alluvione in sardegna . preghiamo per loro !
2013-11-20,sostieni la #sardegna e dona ora ! leggi tutto <USR> <URL> #ciclone #cleopatra <URL>
2013-11-20,#sardegna tre poliziotti salvano donna da voragine estratta viva da auto <URL> via <USR>
2013-11-20,"sardegna , pecore isolate dopo l ' alluvione : e ' emergenza cibo - <URL> <URL>"
2013-11-20,un ' opera d ' arte da genova per i volontari della #sardegna #forzasardegna <URL>
2013-11-20,#forzasardegna . paolo berizzi ci racconta #cleopatra . | https://t.co/x8moyy1yd7 #cagliari #alluvione #sardegna #olbia
2013-11-20,il sereno dopo la tempesta #sardegna
2013-11-20,collegamenti genova - olbia gratis per residenti e soccorritori fino al 30 / 11 con tirrenia <URL> #allertameteosar #sardegna
2013-11-20,"e ' il momento di unirsi per sostenere l ' economia reale , al fianco di chi soffre , esserci anche stavolta . #sardegna #bcc <URL>"
2013-11-20,buongiorno . . . . . il primo pensiero va alla #sardegna üòî üôè
2013-11-20,alluvione sardegna : circa 12.000 bambini coinvolti nella sola provincia di olbia | save the . . . <URL>
2013-11-20,un aiuto subito per la #sardegna ! #forzasardegna <URL> #lariachetira <URL>
2013-11-20,""" <USR> : tutti i luoghi colpiti dall ' alluvione in sardegna . <URL> <URL> <USR> ‚Ä¶"
2013-11-20,"nel frattempo , la vita vera , in prima pagina su <USR> grazie a <USR> #sardegna <URL>"
2013-11-20,"alluvione sardegna , la testimonianza : ' ' ci siamo organizzati con facebook ' ' : 1 l ' aquila , il comune ordina lo s . . . <URL>"
2013-11-20,un aiuto subito per la #sardegna ! #forzasardegna <URL> #lariachetira <URL>
2013-11-20,#„Çµ„Ç§„ÇØ„É≠„É≥ #„ÇØ„É¨„Ç™„Éë„Éà„É© „ÅåÂú∞‰∏≠Êµ∑„ÅßÁô∫Áîü„Åó „ÄÅ „Ç§„Çø„É™„Ç¢ „ÄÅ „Çµ„É´„Éá„Éº„Éã„É£Â≥∂„ÅßÁîöÂ§ß„Å™Ë¢´ÂÆ≥ „ÄÇ bbc news - sardinia hit by deadly cyclone cleopatra and floods <URL>
2013-11-20,""" un ' isola di sogno ? un miraggio ? "" <USR> per la #sardegna #gazebo <URL>"
2013-11-20,"e ' ora di entrare in azione ! ! #sardegna , √® attivo il numero solidale 45500 . dona 2 euro da cellulare e telefono . . . http :// ‚Ä¶"
2013-11-20,"#sardegna , √® ancora emergenza : evacuazione per uras . <URL> <USR>"
2013-11-20,#emergenzacanili #sardegna <URL>
2013-11-20,alluvione in #sardegna : un decalogo per la protezione dei #bambini coinvolti in #emergenze : <URL> plea ‚Ä¶
2013-11-20,#allertameteosar #sardegna tutte le persone celiache sono pregate di donare ai punti di raccolta alimenti senza glutine ! ‚Ä¶
2013-11-20,"#sardegna #allertameteosar domani vado a olbia , vediamo con i miei collaboratori cosa possiamo fare per dare una mano . ‚Ä¶"
2013-11-20,mi √® piaciuto un video di <USR> : <URL> alluvione in sardegna : commenti idioti
2013-11-20,"<USR> #sardegna ma come si fa a rifugiarsi in uno scantinato , √® l ' abc #parole"
2013-11-20,<USR> mandate un sms al 45500 numero della croce rossa per aiutare gli alluvionati in #sardegna diffondi per favore
2013-11-20,iniziati i funerali in #sardegna assenti #letta #alfano #regiorgio . dov ' √® lo stato ? ah gi√† mica sono extracomunitari . farabutti . #skytg24
2013-11-20,<USR> mandate un sms al 45500 numero della croce rossa per aiutare gli alluvionati in #sardegna diffondi per favore
2013-11-20,"<USR> mandate un sms al 45500 per donare 2 euro alle popolazioni colpite dall ' alluvione in sardegna . prego retweetare , √® importante ! !"
2013-11-20,"la giunta #cappellacci ha approvato un documento che apre la strada a nuove colate di cemento in #sardegna . piangere , no ‚Ä¶"
2013-11-20,"#alluvione in #sardegna , #caritas #padova avvia raccolta #fondi di #solidariet√† <URL> via <USR>"
2013-11-20,ecco i primi 39 centri di raccolta #allertameteosar #sardegna https://t.co/fo7fmdhp40
2013-11-20,sardegna : sui soccorsi si doveva fare di pi√π : a ridosso della tragica alluvione sarda si fanno strada le polem . . . <URL>
2013-11-20,"#alluvione , gli sfollati sono 1.352 invariato il numero degli assistiti . #sardegna"
2013-11-20,danni ingenti in tutta la #sardegna agli impianti di trattamento dei liquami . adesso si rischia l ' emergenza ambientale .
2013-11-20,danni ingenti in tutta la #sardegna agli impianti di trattamento dei liquami . adesso si rischia l ' emergenza ambientale .
2013-11-20,ecco i primi 39 centri di raccolta #allertameteosar #sardegna https://t.co/fo7fmdhp40
2013-11-20,<USR> la #cri ha attivato sms solidale 45500 . #sardegna per le donazioni entrate nel sito ufficiale <URL>
2013-11-20,#alluvione #sardegna . protezione civile avvisato . #governo forse troppo impegnato con ordini da #ue a danno sovranit√† cit ‚Ä¶
2013-11-20,"#sardegna : continuiamo spendere per le emergenze , o troviamo pi√π soldi per la messa in sicurezza del territorio ? http :// t . ‚Ä¶"
2013-11-20,<USR> mandate un sms al 45500 numero della croce rossa per aiutare gli alluvionati in #sardegna diffondi per favore
2013-11-20,"worst / record breaking : here all the time now : sardinia storm : ' apocalyptic ' weather floods italian island , killing 17 <URL>"
2013-11-20,sardinia hit by deadly cyclone cleopatra and floods <URL>
2013-11-20,"#sardegna , √® attivo il numero solidale 45500 . dona 2 euro da cellulare e telefono fisso per aiutare insieme alla . . . ht ‚Ä¶"
2013-11-20,coraggio #sardegna . . . porca tro . . . .
2013-11-20,#sardegna #aggiornamenti #numeriutili #allertameteosar #olbia #forzasardegna <URL>
2013-11-20,a chi si chiede perch√® oggi niente lutto nazionale : spiacenti ma non √® stato raggiunto il nr sufficiente di vittime . #sapevatelo #sardegna
2013-11-20,"alluvione sardegna : attivato il numero solidale della croce rossa , sms al 45500 <USR> <USR> <USR> <USR>"
2013-11-20,#cirinn√† : con piccola modifica a dl garantite #risorse e aiuti alla #sardegna <URL> <USR> #opensenato
2013-11-20,nella notte sono previste piogge deboli in #sardegna ma si rinforzeranno i venti di maestrale : sar√† una notte fresca <URL>
2013-11-20,"forza terra mia . forza sardegna . tutto il mio amore per te , domo mea . #sardegna <URL>"
2013-11-20,l ' #ue d√† all ' #italia 5 miliardi di euro per la #difesa del #suolo e l ' italia ne usa solo 4 . #sardegna <URL>
2013-11-20,"<USR> 115 in tilt . emergenza : 083 / 8530244,083 / 8530223,083 / 8530239 . gallura : 0789 / 69502 - 0789 / 52020 #sardegna #allertam ‚Ä¶"
2013-11-20,iniziativa : 20 abbonamenti solidariet√† ‚Äò pro alluvione sardegna ‚Äô <URL>
2013-11-20,#sardegna consiglio dei ministri proclama lutto nazionale
2013-11-20,maltempo in #sardegna : strage su #twitter le foto postate dai testimoni del ciclone #cleopatra : <URL>
2013-11-20,sono vicina alle popolazioni della #sardegna .
2013-11-20,alluvione sardegna - elenco centri di raccolta <URL>
2013-11-20,"un pensiero per cani e gatti , che non vengono mai inseriti nel computo dei morti . come non esistessero . #sardegna"
2013-11-20,alluvione sardegna : ecco come aiutare la popolazione ( occhio alle fregature ) volete aiutare la sardegna . . . <URL>
2013-11-20,"#sardegna consiglio ministri , convocato per domattina , proclamer√† lutto nazionale per vittime alluvione"
2013-11-20,alluvione sardegna : parole o fatti concreti ? <URL>
2013-11-20,lutto nazionale solo x gli immigrati vero ? ? x la #sardegna no eh #perdire #sapevatelo
2013-11-20,"piero sta organizzando un furgone di aiuti per la #sardegna , partir√† venerd√¨ pomeriggio da #bologna . tel 3385050705 #allert ‚Ä¶"
2013-11-20,#allertameteosar #alluvione niente #funeralidistato #sardegna <USR> loro non sono #italiani ? sono #sardi ! ! http ‚Ä¶
2013-11-20,"rt per favore : alluvione #sardegna : attivato il numero solidale della croce rossa , sms del valore di due euro al 45500 . #al ‚Ä¶"
2013-11-20,#streetphotography & #architecture in #iglesias #sardinia #mobilephotography #iphoneography <USR> ‚Ä¶ <URL>
2013-11-20,"buona notte tl , #sfigatidelsabatosera serena notte a tutti , ancora un pensiero e una preghiera x la #sardegna che ritorn ‚Ä¶"
2013-11-20,"#rt #sardegna : rischio potabilit√† acqua gestore idrico , 20 depuratori e 6 potabilizzatori fuori uso <USR> http ‚Ä¶"
2013-11-20,"#rt #sardegna : rischio potabilit√† acqua gestore idrico , 20 depuratori e 6 potabilizzatori fuori uso <USR> http ‚Ä¶"
2013-11-20,"#rt #sardegna : rischio potabilit√† acqua gestore idrico , 20 depuratori e 6 potabilizzatori fuori uso <USR> http ‚Ä¶"
2013-11-20,#sardegna : gioved√¨ sar√† proclamato il lutto nazionale <URL> via <USR> #forzasardegna
2013-11-20,"<USR> domani in consiglio dei ministri sar√† proclamato lutto nazionale x vittime della #sardegna . giusta decisione , attendevamo tutti"
2013-11-20,"#sardegna "" metto a disposizione il mio b & b . senza problemi contattatemi , il mio num e ' 3939800313 ( jobee azara ) #allertameteo ‚Ä¶"
2013-11-20,#sardegna #xfortunacisonodegliaangeli <URL>
2013-11-20,"l ‚Äô ex senatore fernando rossi : ‚Äú le scie chimiche hanno causato l ' alluvione in sardegna "" . | <URL>"
2013-11-20,"#sardegna "" metto a disposizione il mio b & b . senza problemi contattatemi , il mio num e ' 3939800313 ( jobee azara ) #allertameteo ‚Ä¶"
2013-11-20,in arrivo #maltempo in #sardegna prestare massima attenzione da domani sino a sabato ! <USR> #allertameteosar http :// ‚Ä¶
2013-11-20,ma dopo tutto quello che abbiamo passato dobbiamo essere insultati da persone ignoranti che non sanno neanche loro cosa dicono #sardegna
2013-11-28,pietra su pietra #villanovafranca #home #stone #sardinia #sardegna #instasardegna #window #italia ‚Ä¶ <URL>
2013-11-28,"alluvione sardegna , quando la solidariet√† pecca di eccesso : / edicola / ultime - notizie / 27-11-2013 - 23-30-38 <URL>"
2013-11-28,"domani the quartetto euphoria show ad oristano , #sardegna ! teatro a . garau , here we come ! <URL>"
2013-11-28,<USR> posto il problema #alluvione #sardegna #parlamento inizia con un passo avanti grazie <USR> http : ‚Ä¶
2013-11-28,#berlin per il progetto di promozione turistica #myland #sardinia <URL>
2013-11-28,dirigenti del pd : destinate le 2 euro delle primarie alla sardegna colpita dall ' alluvione <URL> via <USR> #primariepd
2013-11-28,dirigenti del pd : destinate le 2 euro delle primarie alla sardegna colpita dall ' alluvione <URL> via <USR> <USR>
2013-11-28,"#sardegna : dal governo non arriver√† nulla , anzi spariranno 8 milioni di euro <URL> #m5s #lettamente  ‚Ä¶"
2013-11-28,#sardinia catastrofic #flood trhough youreporter . it video & #storymap <USR> <URL> <URL>
2013-11-28,il ricavato del televoto sar√† devoluto alle persone colpite dall ' alluvione in sardegna . #xf7
2013-11-28,il ricavato del televoto sar√† devoluto alle persone colpite dall ' alluvione in sardegna . #xf7
2013-11-28,golfo degli angeli dalla sella del diavolo . #cagliari #sardegna <URL>
2013-11-28,"aiutiamo la #sardegna sms 45500 , non dimentichiamo ! #serviziopubblico"
2013-11-28,#sapevatelo il ricavato del televoto di #xf7 sar√† devoluto alle persone colpite dall ' alluvione in #sardegna . un bel gest ‚Ä¶
2013-11-22,#sardegna : la risposta del #m5s a catastrofi presenti e future . #sicurezza #opere <URL> ‚Ä¶ <URL>
2013-11-22,un sistema di prevenzione novecentesco ! alluvione in sardegna : allarme via fax ai municipi chiusi di domenica ‚Ä¶ <URL>
2013-11-22,"la prossima volta che voterete qualcuno che basa la propria politica sul cemento , sappiate di avere molti morti sulla coscienza . #sardegna"
2013-11-22,"oggi giornata piovosa in #sardegna , con possibili temporali sulla parte nord - occientale dell ' isola <URL>"
2013-11-22,oggi √® giornata di lutto nazionale per le vittime dell ' alluvione in sardegna . se volete contribuire alla . . . <URL>
2013-11-22,oggi #unomattina andr√† in onda fino alle 11 con informazioni e collegamenti dalle zone alluvionate della #sardegna . #staytuned
2013-11-22,"alluvione in sardegna , scende a 460 il numero degli sfollati . nuova allerta della protezione civile : gli ultimi . . . <URL>"
2013-11-22,giornata di lutto nazionale : alle 12 un minuto di silenzio in <USR> in ricordo delle vittime dell ' alluvione in #sardegna
2013-11-22,22 novembre lutto nazionale per le vittime dell ' alluvione sardegna #sardegna #luttonazionale <URL> <URL>
2013-11-22,#ff fatte girare ! rispetto #sardegna #alluvione2013 #allertameteosar chiunque veda questo post #rt #luttonazionale htt ‚Ä¶
2013-11-22,#ff fatte girare ! rispetto #sardegna #alluvione2013 #allertameteosar chiunque veda questo post #rt #luttonazionale htt ‚Ä¶
2013-11-22,ecco come #opendata in #sardegna sta aiutando i soccorsi . e ricucendo il rapporto tra cittadini e regione <URL>
2013-11-22,+ + flash news : numerosi temporali ad ovest della #sardegna + + <URL>
2013-11-22,#allertameteosar #sardegna unicredit : sospendiamo le rate dei mutui - <URL>
2013-11-22,"strage #sardegna , proclamato per oggi il lutto nazionale . continuano ricerche disperso <URL>"
2013-11-22,"dopo la raccolta fondi , scatta la raccolta di generi di prima necessit√† #sardegna #elba <URL> via <USR> ‚Ä¶"
2013-11-22,il sindaco di #olbia contro il #cemento selvaggio ma #cappellacci insiste col piano #golf #sardegna #alluvione <URL>
2013-11-22,"leggi il nuovo post alluvione in sardegna , attenti agli errori dell ‚Äô abruzzo <URL>"
2013-11-22,"sono le 13:00 - #sardegna , √® ancora allerta maltempo"
2013-11-22,"#sardegna , oggi lutto nazionale e torna l ‚Äô allerta #maltempo <URL> #forzasardegna #allertameteosar"
2013-11-22,c ' √® anche email dedicata della regione #sardegna alluvione.sardegna@regione.sardegna.it #allertameteosar
2013-11-22,stima profonda per chi sta aiutando la mia #sardegna . e lo fa in silenzio . ribrezzo per chi vuole trarne benefici personali . ‚Ä¶
2013-11-22,la #sardegna ha bisogno dell ' aiuto di tutti . mandiamo un sms al 45500 per sostenere l ' opera della <USR>
2013-11-22,la #sardegna ha bisogno dell ' aiuto di tutti . mandiamo un sms al 45500 per sostenere l ' opera della <USR>
2013-11-22,la #sardegna ha bisogno dell ' aiuto di tutti . mandiamo un sms al 45500 per sostenere l ' opera della <USR>
2013-11-22,"<USR> aiuta la #sardegna , dona 2 euro al 45500 da mobile \ fisso e sostieni con #crocerossa la popolazione . pic . twitter ."
2013-11-22,"donate un sms di 2 euro x la #sardegna al 45500 . non vi costa nulla mandarne uno tra tutte le sigarette , le birre e i caff√® che vi comprate !"
2013-11-22,flags half mast at #italian embassy to remember victims in #sardinia as pm <USR> honors them w day of mourning <URL>
2013-11-22,"giorgio palmucci , #aica sulla #sardegna : ' siamo al lavoro per l ' estate ' <URL>"
2013-11-22,<USR> claudia andreatti 22.11.2013 ore 16.50 #luttonazionale #alluvione #sardegna #solidariet√† #taleequaleshow <URL>
2013-11-22,"sardegna uffici postali operativi dopo l ¬¥ alluvione : l ' assenza di energia elettrica , la mancanza di linea , l ' al . . . <URL>"
2013-11-22,#sardegna #forzasardegna #grazie ai soccorritori oltre a salvare le xsone si occupano anche amici 4 zampe <URL>
2013-11-22,alluvione sardegna : nuova allerta meteo https://t.co/4giamt8bwx
2013-11-22,#alluvione #sardegna : mettersi in salvo dalla furia climatica ? un modo c ‚Äô √® . <URL>
2013-11-22,alluvione sardegna : nuova allerta meteo <URL>
2013-11-22,nuova #allertameteosar allarme meteo di livello #rosso per #tempeste #sardegna #rt #divulgate #adesso ! #alluvione http :/ ‚Ä¶
2013-11-22,#sardegna 19/11/2013 #nocomment #allertameteosar utente instagram marcoshog <URL>
2013-11-22,il #csi vicino alla #sardegna . non siete soli ! tutta l ‚Äô associazione vi √® vicino - > <URL> <URL>
2013-11-22,per le vittime dell ' alluvione in sardegna alle regate del fine settimana verr√† osservato un minuto di silenzio <URL>
2013-11-22,"#sardegna , dona 2 euro al 45500 da mobile e fisso e aiuti con la #crocerossa la popolazione colpita dall ' #alluvione http :/ ‚Ä¶"
2013-11-22,"aiuta la #sardegna , dona ora 2 euro al 45500 da mobile e fisso e sostieni con la #crocerossa la popolazione . <URL>"
2013-11-22,"aiuta la #sardegna , dona ora 2 euro al 45500 da mobile e fisso e sostieni con la #crocerossa la popolazione . <URL>"
2013-11-22,45500 dona 2 euro alla croce rossa italiana per la regione sardegna . #sardegna #forzasardegna
2013-11-22,"aiuta la #sardegna , dona ora 2 euro al 45500 da mobile e fisso e sostieni con la #crocerossa la popolazione . <URL>"
2013-11-22,the #copernicus emergency service has just been activated for the flooding in sardinia . <URL>
2013-11-22,"tormentone #tiv√π "" siamo andati in onda comunque , ma siamo molto vicini alla #sardegna "" e mentre lo dicevano gli si allungava l ' antenna . . ."
2013-11-22,<USR> uccioyellow46 #emergenzasardegna #ciclone #sardegna #dona #2 #euro #iol ' hofatto <URL>
2013-11-22,#ff #buonanotte <USR> per l ' emergenza in #sardegna #allertameterosar #sardiuniti #forzasardegna <USR> http :/ ‚Ä¶
2013-11-26,"a #olbia adesso c ' √® bisogno di stufe . dopo la pioggia √® arrivato il freddo . passate parola , ritwittate . #sardegna #alluvi ‚Ä¶"
2013-11-26,"<USR> nell ' appello per la #sardegna di <USR> a <USR> ci siete anche voi . grazie e buon lavoro , htt ‚Ä¶"
2013-11-26,"a #olbia adesso c ' √® bisogno di stufe . dopo la pioggia √® arrivato il freddo . passate parola , ritwittate . #sardegna #alluvi ‚Ä¶"
2013-11-26,#greenenergy #solarpanels #renewables #solarcity #electric #solarenergy #sardinia #olbia <USR> olbia <URL>
2013-11-26,"alluvione sardegna , alto rischio epidemie per le acque contaminate <URL>"
2013-11-26,"alluvione , poste italiane : via libera a pagamenti in sardegna e in calabria - <URL> #calabria #news"
2013-11-26,non servono parole basta solo guardare #allertameteosar due vite in pi√π ! #vigilidelfuoco #olbia #sardegna <URL>
2013-11-26,un comune della #sardegna si ribella e rompe il patto di stabilit√† liberando i fondi x l ' alluvione e ' il primo caso ht ‚Ä¶
2013-11-26,#sardegna . quel disastro del bilancio pubblico regionale <URL>
2013-11-26,#sardegna : quando la rete fa meglio dei campi da golf - di #ascaniocelestini <URL>
2013-11-26,concorso di idee riservato alle scuole del marghine : raccontiamo i segni identitari del marghine : il . . . <URL> #sardegna
2013-11-26,i liked a <USR> video <URL> alluvione in sardegna ! diamo una mano ?
2013-11-26,"#omofobia in #sardegna , coppia gay picchiata finisce in ospedale <URL>"
2013-11-19,"<USR> : #sardegna #allertameteosar massimo dessena : "" a tempio offro la mia casa con 5 / 7 posti letto a chiunque abbia ‚Ä¶"
2013-11-19,√® una terra meravigliosa di gente meravigliosa . forza ! #sardegna
2013-11-19,"#sardegna #allertameteosar massimo dessena : "" a tempio offro la mia casa con 5 / 7 posti letto a chiunque abbia bisogno . 393905 ‚Ä¶"
2013-11-19,a olbia l ' hilton il jazz hotel e il president aprono le porte agli sfollati #allertameteosar #sardegna #maltemposarde ‚Ä¶
2013-11-19,fate girare 19.11-00 : 30 ] #sardegna + + + le istruzioni per aprire il wifi + + + <URL> #allertameteosar #emerg ‚Ä¶
2013-11-19,un abbraccio a tutti coloro che stanno vivendo questa terribile realt√† ! #allertameteosar #sardegna
2013-11-19,[ 19.11-00 : 30 ] #sardegna + + + le istruzioni per aprire il wifi + + + <URL> #allertameteosar #emergenza24
2013-11-19,"#sardegna "" metto a disposizione il mio b & b . senza problemi contattatemi , il mio num e ' 3939800313 ( jobee azara ) #allertameteo ‚Ä¶"
2013-11-19,"si piega ma non si spezza , forza #sardegna siamo tutti con te ! ! ! #allertameteosar"
2013-11-19,#ultimiminuti #sardegna salgono a 10 le vittime e dozzine di #dispersi #olbia #sardolicesimo #sardinianconnection #emer ‚Ä¶
2013-11-19,#sardegna #allertameteosar ancora invito a diffondere il pi√π possibile i numeri alternativi al 115 . grazie <URL>
2013-11-19,#allertameteosar #sardegna : come aprire le connessioni wi - fi nelle zone colpite da #maltempo e #alluvione > <URL>
2013-11-19,#sardegna #nubifragio <URL>
2013-11-19,<USR> anzich√® aspettare le agenzie seguite su twitter quello che da ore sta accadendo in #sardegna #silenziodioredeimedia
2013-11-19,queste ore drammatiche devono insegnarci che #sardegna non ha bisogno di colate di cemento ma di piano straordinario opere di ‚Ä¶
2013-11-19,che disastro ! che paura ! ! ! ! ! sono con voi ! #sardegna
2013-11-19,"#allertameteosar cari politici , la #sardegna non esiste solo in agosto , quando andate in giro con i vostri yacht . #siamotutti ‚Ä¶"
2013-11-19,dai cazzo #sardegna ! dai che andr√° tutto bene .
2013-11-19,""" <USR> : b & b , 10 posti letto offerti gratuitamente in via d ' annunzio 92 . tel . 331.2095889 #olbia #sardegna #allertameteosar """
2013-11-19,"#sardegna #allertameteosar massimo dessena : "" a tempio offro la mia casa con 5 / 7 posti letto a chiunque abbia bisogno . 39390518 ‚Ä¶"
2013-11-19,"numeri utili per le zone di olbia e dintorni : 0789 / 69502 , 0789 / 52020 e 366 / 6617681 #allertameteosar #sardegna"
2013-11-19,il senso d ' impotenza √® opprimente . non mollare #sardegna non mollare #allertameteosar
2013-11-19,#ÿ≥Ÿàÿ±Ÿäÿß #ÿ≠ŸÖÿµ #ÿ≠ŸÑÿ® deadly storms and floods in sardinia - at least nine people are killed and . . . <URL>
2013-11-19,#allertameteosar - importante ! #sardegna se la vostra wifi √® funzionante togliete la password . fate in modo che tutti po ‚Ä¶
2013-11-19,"please , rimandate i tweet polemici ad altro hashtag , date informazioni o retwittate quelle che ci sono . . . #sardegna #allerta ‚Ä¶"
2013-11-19,"ad agosto tutti a fare i fighi su com ' √® bella la #sardegna , italiani fuori le palle e aiutiamola ora che ha bisogno di noi  ‚Ä¶"
2013-11-19,#sardegna #aiutialluvione #allertameteosar condividete <URL>
2013-11-19,forza #sardegna ! nulla pu√≤ fermare o arginare l ' orgoglio sardo ! rialziamoci subito ! #allertameteosar #sardegnaciclone
2013-11-19,#olbia #allertameteosar #sardegna <URL>
2013-11-19,il maltempo non pu√≤ piegare un paese . serve un piano per la messa in sicurezza del territorio . quanti devono ancora morire ? ‚ù§ #sardegna
2013-11-19,#olbia #allertameteosar #sardegna <USR> <USR> <USR> <USR> <URL>
2013-11-19,#buonanotte #sardegna spero bene . . . che domani ci sia il sole e dopodomani si capisca che servono le braccia no le industrie #ciao
2013-11-19,deadly rainstorm floods sardinia island <URL>
2013-11-19,vi prego : usiamo #allertameteosar per le emergenze in #sardegna . ci sar√† tempo per le polemiche e per le invettive contr ‚Ä¶
2013-11-19,"un augurio di una buonanotte a tutta la #sardegna pur se da lontano , non ci sono parole per descrivere il dolore di quest ' e ‚Ä¶"
2013-11-19,la sardegna c ' √® con un cuore grande che batte che da sempre la contraddistingue . #sardegna #allertameteosar
2013-11-19,"emergenza #olbia hotel de plam ha solo una stanza libera . via de filippi , 51 . 078925777 #allertameteosar #sardegna"
2013-11-19,massimo dessena offre ospitalit√† a casa sua con 5 / 7 posti letto 3939051855 #olbia #sardegna #allertameteosar
2013-11-19,#nubifragio e morti in #sardegna ma non ne parla nessuno fino a quando non si alleghera ' il billionair
2013-11-19,"numeri utili per le zone di olbia e dintorni : 0789 / 69502 , 0789 / 52020 e 366 / 6617681 #allertameteosar #sardegna"
2013-11-19,"‚Äú <USR> : #olbia il 115 non funziona . numeri alternativi per emeregenze : 0789 / 69502 , 0789 / 52020 e 366 / 6617681 #sardegna ‚Ä¶"
2013-11-19,<USR> mi unisco al tuo pensiero ! #sardegna
2013-11-19,buongiorno oggi il nostro grande pensiero #olbia #allertameteosar #sardegna ore 7:00 il numero delle vittime sale a 14 #mattinieri
2013-11-19,"in #sardegna non √® successo nulla [ secondo "" libero "" ] <URL>"
2013-11-19,"per cortesia usate #allertameteosar solo per informazioni , per il resto usare #sardegna"
2013-11-19,"numeri utili per le zone di olbia e dintorni : 0789 / 69502 , 0789 / 52020 e 366 / 6617681 #allertameteosar #sardegna"
2013-11-19,"mentre discutiamo sul cambiamento clima la sardegna affoga e i tornado spazzano il nord america , dopo le filippine #sardegna"
2013-11-19,non ci sono pi√π i temporali di una volta ! adesso piove e fa disastri . . . #sardegna buongiorno :'(
2013-11-19,"qualcuno disse spengere il fuoco √® facile , ma fermare l ' acqua √® impossibile #sardegna"
2013-11-19,""" <USR> : #sardegna + + + pagina autogestita per aiuti + + + https://t.co/eytyhhcnmt #allertameteosar via : <USR> #e ‚Ä¶"
2013-11-19,"in queste ore la #sardegna , "" zattera in mezzo al mediterraneo "" , combatte contro il maltempo . coraggio amici sardi : ogni p ‚Ä¶"
2013-11-19,"14 people killed and several missing after cyclone cleopatra hit italian island of sardinia , officials say <URL>"
2013-11-19,"14 people killed and several missing after cyclone cleopatra hit italian island of sardinia , officials say <URL>"
2013-11-19,si chiama luca tanzi il poliziotto che ha perso la vita oggi in #sardegna #nubifragio
2013-11-19,"14 people killed and several missing after cyclone cleopatra hit italian island of sardinia , officials say <URL>"
2013-11-19,bbc news - sardinia hit by deadly cyclone and flooding <URL>
2013-11-19,l ' italia abbraccia la #sardegna . <URL>
2013-11-19,"14 people killed and several missing after cyclone cleopatra hit italian island of sardinia , officials say <URL>"
2013-11-19,"thinking of the people in sardinia today , i went on holiday there this summer . stay strong #sardegna"
2013-11-19,foto - cos√¨ il #maltempo ha sconvolto la #sardegna <URL> <URL>
2013-11-19,"#sardegna #sardinia ecco cosa serve "" <USR> : ‚Äú <USR> : #allertameteosar urgente per la sardegna <URL>"
2013-11-19,amici della #sardegna seguite #allertameteosar per rt a informazioni e segnalazioni utili per tutte le zone colpite dal c ‚Ä¶
2013-11-19,<USR> nooooo l ' hastag √® #allertameteosar non #sardegna ! ! ! non date informazioni sbagliate ! !
2013-11-19,"amici della #sardegna , togliete le password ai wifi e seguite #allertameteosar per info ! numeri utili : 0789 / 69502 , 0789 / 5202 ‚Ä¶"
2013-11-19,"alluvione sardegna , il bilancio peggiora , 14 vittime , diversi dispersi . ed √£ ¬® nuova allerta maltempo <URL>"
2013-11-19,forza #sardegna !
2013-11-19,l ‚Äô alluvione in sardegna <URL>
2013-11-19,"<USR> "" urgente in #sardegna aprite i wifii nelle zone colpite , togliete le pass perch√© le linee sono intasate #allert ‚Ä¶"
2013-11-19,‚Äú <USR> : √® solo caduto il ponte ! #maltempo #sardegna #oliena #distruzione <URL>
2013-11-19,‚Äú ciclone ? uragano ? nubifragio ? forse certi giornalisti avrebbero bisogno di seguire i rudimenti di meteorologia #allertameteosar #sardegna
2013-11-19,"#sardegna . senza fretta e dopo il caff√® , alle 10 con urgenza si raduna il consiglio dei ministri . ministri ? urgenza ? pove ‚Ä¶"
2013-11-19,nove morti non sono ancora sufficenti per un ' edizione straordinaria di un tg ? ? ? #sardegna #allertameteosar
2013-11-19,#olbia #allertameteosar #sardegna <URL>
2013-11-19,#buongiornouncazzo e forza #sardegna !
2013-11-19,"#sardegna nel dimenticatoio da anni , soltanto ora tristemente alla ribalta . ma non abbiamo uno stato in grado di interv ‚Ä¶"
2013-11-19,"14 people killed and several missing after cyclone cleopatra hit italian island of sardinia , officials say <URL>"
2013-11-19,"‚Äú <USR> : emergenza #sardegna , ecco i numeri utili : <URL>"
2013-11-19,ponte crollato statale 129 tra nuoro e orosei - ss 131 nuoro - olbia √® chiusa dal km 66 ( bivio orune - lula / dorgali ) #allertameteo #sardegna
2013-11-19,"mammamia . . . guardando i notiziari , non si pu√≤ non mandare un pensiero alla #sardegna ! ! forza , che siete gente tosta ! ! ‚ù§Ô∏è"
2013-11-19,forza #sardegna ! numeri di emergenza : #allertameteosar <URL>
2013-11-19,consiglio dei ministri straordinario per l ' emergenza in #sardegna . a molti di loro si √® allagata la villa .
2013-11-19,"alluvione in sardegna , strage senza fine : si aggiorna il bilancio , almeno 17 morti riunione del governo per . . . http :/ ‚Ä¶"
2013-11-19,il mancato rispetto per ambiente e territorio fanno di un fenomeno naturale una tragedia annunciata . #sardegna #ecosostenibilit√†
2013-11-19,"quelli dei romani s√¨ che erano ponti , non quelli dell ' anas . #sardegna"
2013-11-19,un abbraccio grande quanto una #sardegna intera
2013-11-19,#sardegna vi sono vicino col cuore . . .
2013-11-19,dolore #sardegna
2013-11-19,"14 people killed and several missing after cyclone cleopatra hit italian island of sardinia , officials say <URL>"
2013-11-19,"i morti causati dall ' alluvione in sardegna aumentano : son almeno 15 , dice l ' ufficio regionale della protezione civile <URL>"
2013-11-19,"#sardegna , tristezza infinita per questa tragedia . ma ora dobbiamo dare il nostro sostegno ai sardi colpiti da alluvione ‚Ä¶"
2013-11-19,la tragedia della #sardegna richiama la responsabilit√† di tutti . le agende politiche devono essere cambiate e bisogna inte ‚Ä¶
2013-11-19,meglio tacere che dire banalit√† #sardegna
2013-11-19,tanta forza e solidariet√† per le persone vittime di questo disastro in #sardegna
2013-11-19,"via - > <USR> rt per favore , la #sardegna ha bisogno di tanto aiuto , ecco le ultime notizie http :/ ‚Ä¶"
2013-11-19,"numeri utili per le zone di olbia e dintorni : 0789 / 69502 , 0789 / 52020 e 366 / 6617681 #allertameteosar #sardegna"
2013-11-19,"<USR> "" urgente in #sardegna aprite i wifii nelle zone colpite , togliete le pass perch√© le linee sono intasate #allertame ‚Ä¶"
2013-11-19,"#sardegna . senza fretta e dopo il caff√® , alle 10 con urgenza si raduna il consiglio dei ministri . ministri ? urgenza ? pove ‚Ä¶"
2013-11-19,#sardegna : #governo intervenga subito . si modifichino tutte le agende politiche . urge risposta immediata . #solidariet√† #si ‚Ä¶
2013-11-19,""" <USR> : dalla #liguria alla #sardegna un grido di speranza , forza popolo sardo : <URL> """
2013-11-19,forza #sardegna ! numeri di emergenza : #allertameteosar <URL>
2013-11-19,"' apocalyptic ' storm floods sardinia , 14 dead - <URL> <URL>"
2013-11-19,"il ministro #mauro si recher√† in #sardegna , confermata anche la visita del premier #letta ( #allertameteosar )"
2013-11-19,numeri utili emergenza alluvione sardegna <URL>
2013-11-19,"numeri utili per le zone di olbia e dintorni : 0789 / 69502 , 0789 / 52020 e 366 / 6617681 #allertameteosar #sardegna"
2013-11-19,[ 19.11-08 : 50 ] #sardegna + + + le istruzioni per aprire il wifi + + + <URL> #allertameteosar #emergenza24
2013-11-19,facebook page coordinating help for the hundreds evacuated due to cyclone cleopatra in sardinia https://t.co/inrh0zt19d ‚Ä¶
2013-11-19,il bilancio del maltempo in #sardegna sale a 16 morti e un disperso . tutti gli aggiornamenti : <URL>
2013-11-19,""" <USR> le mani che aiutano sono pi√π sante delle labbra che pregano . robert green ingersoll . forza #sardegna """
2013-11-19,"tifone nelle fillippine , ripetuti tornado negli usa , alluvione in sardegna . forse i grandi della terra dovrebbero tornare a parlare del clima ."
2013-11-19,vi ricordo di essere solidali anche fuori di qui . #allertameteosar #sardegna
2013-11-19,mentre l ' italia dormiva un ciclone ha investito la #sardegna e 16 persone si sono dolorosamente addormentate per sempre ‚Ä¶
2013-11-19,"#sardegna , con il tg di mentana , il corriere della sera avvia una raccolta di fondi con l ' iniziativa un aiuto subito ."
2013-11-19,"<USR> "" urgente in #sardegna aprite i wifiinelle zone colpite , togliete le password perch√© le linee sono intasate #al ‚Ä¶"
2013-11-19,mi chiedo quante edizioni straordinarie dei tg ci sarebbero se olbia fosse in lombardia . #sardegna
2013-11-19,#sardegna #emergenzameteosar numeri utili #italia #emergency <URL>
2013-11-19,numeri da chiamare #allertameteosar #sardegna <URL>
2013-11-19,buongiorno . . se cos√¨ si pu√≤ dire la mia terra #martoriata una bomba d ' acqua √® caduta in tt la #sardegna non ho parole ! √® ‚Ä¶
2013-11-19,italy declares state of emergency in sardinia to release emergency funds for aftermath of cyclone cleopatra #sardegna #a ‚Ä¶
2013-11-19,"#sardegna . senza fretta e dopo il caff√® , alle 10 con urgenza si raduna il consiglio dei ministri . ministri ? urgenza ? pove ‚Ä¶"
2013-11-19,alluvione in #sardegna . massima visibilit√† per la tragedia che ha colpito la nostra bellissima isola . numeri di . . . http :/ ‚Ä¶
2013-11-19,"<USR> "" urgente in #sardegna aprite i wifii nelle zone colpite , togliete le pass perch√© le linee sono intasate #allertame ‚Ä¶"
2013-11-19,solidariet√† #pe alla #sardegna e alle vittime del maltempo in queste ore difficili . un sentito ringraziamento al lavoro d ‚Ä¶
2013-11-19,#cronaca #firenze alluvione in sardegna : la toscana pronta ad aiutare l ‚Äô isola flagellata : il p . . . <URL> #notiziefirenze
2013-11-19,#sardegna in ginocchio per il ciclone - photostory primopiano - ansa . it <URL> via <USR>
2013-11-19,"#sardegna , con il tg di mentana , il corriere della sera avvia una raccolta di fondi con l ' iniziativa un aiuto subito ."
2013-11-19,"alluvione in sardegna , recuperato il cadavere di un poliziotto : almeno 10 tra morti e dispersi : e ‚Äô morto uno d . . . http :// t ‚Ä¶"
2013-11-19,"alluvione , dichiarato lo stato di emergenza in sardegna #allertameteosar il punto sulla situazione <URL>"
2013-11-19,"innaturale e straordinaria nn e ' la pioggia , ma la cemenificazione e l ' abusivismo #sardegna"
2013-11-19,ci state distruggendo la #sardegna ! basta cemento ovunque ! la natura √® pi√π forte di noi ! #allertameteosar
2013-11-19,"aggiornamento ore 7,45 da #anas su strade in #sardegna <URL> #allertameteosar"
2013-11-19,tutti i numeri di chi offre alloggio #allertameteosar #sardegna #cleopatra #forzasardegna #olbia <USR> http :// t . ‚Ä¶
2013-11-19,"fate girare , grazie offrono alloggio a olbia - marrante : 3403624311 - pina murru : 3470830042 #allertameteosar #sardegna"
2013-11-19,"alluvione #sardegna , a olbia 15 morti : √® stato d ' emergenza . gli aggiornamenti in tempo reale <URL> via <USR>"
2013-11-19,"oggi su <USR> , 2 pagg su tornado nel midwest e 1 su alluvione in #sardegna . fa notizia quel che fa notizia . ohio + ‚Ä¶"
2013-11-19,"maltempo , 16 morti in #sardegna : <URL>"
2013-11-19,#sardegna tiria #oristano strada per marrubiu <URL>
2013-11-19,"#maltempo , francesco sanna ( pd ) : "" governo riferisca alle camere "" #opencamera <URL> #sardegna , #emergenza"
2013-11-19,"lutto per la mia terra , un paradiso devastato da questa assurda #alluvione #sardegna <URL>"
2013-11-19,#sardegna povera #isola mia . tristezza infinita !
2013-11-19,#letta : ¬´ subito stanziati 20 milioni di euro per l ' emergenza maltempo in #sardegna ¬ª . <URL>
2013-11-19,"alluvione sardegna - coldiretti : ‚Äú nella regione 81% dei comuni a rischio idrogeologico , 82% in tutta italia ‚Äù : <URL>"
2013-11-19,disastro in #sardegna per il ciclone : 17 #morti i corpi di un ' intera . . . <URL> via <USR>
2013-11-19,"numeri telefono per emergenze comune #uras 348 / 7074692 , 347 / 1240911 <URL> #allertameteosar #sardegna"
2013-11-19,napolitano : cordoglio per le vittime dell ' alluvione in sardegna e apprezzamento per i soccorsi <URL>
2013-11-19,"oggi su <USR> , 2 pagg su tornado nel midwest e 1 su alluvione in #sardegna . fa notizia quel che fa notizia . ohio + ‚Ä¶"
2013-11-19,avanti terra mia fatti forte ! #sardegna #forzasardegna #sardegnaciclone #allarmemeteosar #cleopatra
2013-11-19,"<USR> emergenza , dove dormire . numeri #allertameteosar #sardegna <URL> #√®importante #aiuti"
2013-11-19,medicina centrata sul paziente : le nuove sfide del medico che opera in . . . <URL> #tutteleprofessioni #cagliari #sardegna
2013-11-19,difesa dell ' #ambiente difesa del #territorio investimenti in #cultura #ora #politica #sardegna
2013-11-19,"emergenza , dove dormire . numeri #allertameteosar #sardegna <URL>"
2013-11-19,sono in ansia per la mia famiglia in #sardegna anche se al momento stanno bene . dolore per le famiglie meno fortunate #sardegnanonseisola
2013-11-19,"ciclone cleopatra devasta la #sardegna . accumuli pluviometrici fino a 400 mm in sole 24 ore , quantitativo che cade in un an ‚Ä¶"
2013-11-19,tutta la nostra vicinanza alle popolazioni colpite dall ' alluvione in #sardegna #forzasardegna <USR> <USR> <USR>
2013-11-19,#disastrosardegna mi rivolgo al popolo di #twitter . se amate davvero la #sardegna indignatevi !
2013-11-19,alluvione in sardegna . . finora 18 morti accertati <URL>
2013-11-19,"alluvione in sardegna , 17 morti | video ¬´ in 24 ore la pioggia di sei mesi ¬ª | foto <URL> <URL>"
2013-11-19,"<URL> - ' apocalyptic ' storm floods sardinia , 16 dead <URL>"
2013-11-19,"la tragedia in #sardegna . la natura di ricorda che il mondo ci √® dato solo in prestito e che , invece , abbiamo perso ogni senso del limite ."
2013-11-19,"la #sardegna in ginocchio a causa del ciclone , sono 17 i morti confermati . . . articoli e #video <URL> ‚Ä¶"
2013-11-19,numeri utili : 0789 / 602019 0789 / 69502 0789 / 52020 e 366 / 6617681 . enel per guasti e blackout : 803 500 #sardegna #alluvione  ‚Ä¶
2013-11-19,#sardegna : vince la solidariet√† <URL> #allertameteosar #forzasardegna via <USR> <URL>
2013-11-19,come √® nato il #ciclone che ha travolto la #sardegna - terra e poli - scienza & tecnica - ansa . it <URL> v ‚Ä¶
2013-11-19,"<USR> <USR> emergenza , dove dormire . numeri #allertameteosar #sardegna <URL> #√®importante  ‚Ä¶"
2013-11-19,#sardegna la furia del ciclone #cleopatra nelle immagini di <USR> <URL> ( video )
2013-11-19,#sardegna #emergenza <URL>
2013-11-19,"alluvione #sardegna : numerose vittime e dispersi , gravissimi danni . il ns pensiero affettuoso agli amici sardi . #forzasard ‚Ä¶"
2013-11-19,sardinia hit by deadly cyclone and flooding - bbc news : bbc newssardinia hit by deadly cyclone and floodingbbc . . . <URL>
2013-11-19,"#sardegna i morti arrivano a 17 , ogni volta che piove in italia si teme per la sicurezza di tutti"
2013-11-19,"#sardegna . cementificazione , ruscelli devastati , la terra non assorbe pi√π l ' acqua . ed √® tragedia . ma ora , ministri , facci ‚Ä¶"
2013-11-19,vedo filmati e foto che raccontano la tragedia in #sardegna . vengono i brividi . quando la natura si scatena sono guai .
2013-11-19,#sardegna <USR> : le classi dirigenti del nostro #paese avrebbero dovuto prevenire . abbiamo bisogno di #prevenzione #idrogeologica
2013-11-19,in #sardegna siamo abituati a non piangerci addosso e a rimboccarci le maniche - #dogniacosapassat
2013-11-19,in #sardegna siamo abituati a non piangerci addosso e a rimboccarci le maniche - #dogniacosapassat
2013-11-19,state of emergency declared by italian government in #sardinia after cyclone kills at least 17 on island <URL>
2013-11-19,video - alluvione sardegna : il crollo del ponte di norgheri <URL>
2013-11-19,#mediafriends iban : it 03 s 03069 09400 000000006262 causale : #alluvione #sardegna <USR> <USR> <USR> ‚Ä¶
2013-11-19,insieme al prefetto gabrielli sui luoghi del disastro . questa √© la situazione in baronia . #allertameteosar #sardegna ht ‚Ä¶
2013-11-19,"#sardegna , con il tg di mentana , il corriere della sera avvia una raccolta di fondi con l ' iniziativa un aiuto subito ."
2013-11-19,che senso ha vantarsi di aver dato un nome ad un ciclone killer ? #sardegna #allertameteosar #maltempo <URL>
2013-11-19,"sardegna . cordoglio e vicinanza alle vittime e ai loro familiari colpiti da una tremenda alluvione ,"
2013-11-19,insieme al prefetto gabrielli sui luoghi del disastro . questa √© la situazione in baronia . #allertameteosar #sardegna ht ‚Ä¶
2013-11-19,"alluvione sardegna : renzi , in italia c ‚Äô √® un problema di fondi per la difesa del suolo <URL> #o3news"
2013-11-19,alluvione sardegna : molte strade chiuse - cronaca <URL>
2013-11-19,#allertameteosar a disposizione 2 appartamenti a badesi . 9 e 7 posti letto . 388-6345266 #alluvionesardegna #olbia #sardegna
2013-11-19,bbc news - sardinia hit by deadly cyclone and flooding <URL>
2013-11-19,state of emergency declared by italian government in #sardinia after cyclone kills at least 17 on island <URL>
2013-11-19,#googlenews sardinia hit by deadly cyclone and flooding - bbc news <URL>
2013-11-19,"sud #sardegna , massima allerta nel pomeriggio : <URL> #allertameteosar"
2013-11-19,"' apocalyptic ' storm floods sardinia , 16 dead <URL> via thephilstar"
2013-11-19,"alluvione in sardegna , 17 morti | video ¬´ in 24 ore la pioggia di sei mesi ¬ª | foto <URL> <URL>"
2013-11-19,ciclone in #sardegna : 17 morti . il governo dichiara lo stato d ' emergenza . letta : tragedia nazionale <URL>
2013-11-19,forza #sardegna
2013-11-19,"#alluvione #sardegna , solidariet√† di #fratelliditalia . proclamare lutto nazionale <URL> st"
2013-11-19,"signore , piet√† #sardegna"
2013-11-19,"sardegna , napolitano addolorato e commosso : solidariet√† alla #sardegna <URL> #allertameteosar #forzasa ‚Ä¶"
2013-11-19,"' apocalyptic ' storm floods sardinia , 17 dead : ' apocalyptic ' storm floods parts of sardinia , downing bridges an . . . <URL>"
2013-11-19,solidariet√† . #sardegna #forzasardegna #allertameteosar #cagliari #olbia https://t.co/y1ifx554og <URL>
2013-11-19,[ 19.11-12 : 30 ] #sardegna linea #cagliari #oristano + + + traffico ferroviario sospeso + + + tra abbasanta e sangavino #allertamet ‚Ä¶
2013-11-19,"#alluvione in #sardegna , un #dramma #previsto e #prevedibile . <URL> via <USR> #lecosenonsuccedono !"
2013-11-19,#mediafriends iban : it 03 s 03069 09400 000000006262 causale : #alluvione #sardegna <USR> <USR> <USR> ‚Ä¶
2013-11-19,forza #sardegna
2013-11-19,#allertameteosar - numeri di emergenza e info utili dedicate all ' allerta meteo in #sardegna <URL> <URL>
2013-11-19,sono saliti a 18 i morti #sardegna
2013-11-19,#sardegna letta : ‚Äú 20 milioni per la sardegna . poi allentamento patto stabilit√† ‚Äù <URL> ( video )
2013-11-19,#immagini #alluvione #sardegna <USR> si faccia un bel album di figurine ! ! ! #vergogna #olbia #nuoro <URL>
2013-11-19,un saluto da savona agli amici della #sardegna . piazzetta della maddalena . edicola della madonna della misericordia <URL>
2013-11-19,tutti uniti x la #sardegna <USR> <USR> <USR> <USR> <USR> <USR> <USR>
2013-11-19,"oltre al 115 , ecco alcuni numeri per segnalazioni e aiuti 0789602019 - 078969502 - 078952020 . #allertameteosar #sardegna http ‚Ä¶"
2013-11-19,#sardegna #allertameteosar il poetto a #cagliari adesso √® sotto il mare <URL>
2013-11-19,"di cuore , siamo vicini alla #sardegna"
2013-11-19,in #sardegna aprite wi - fi per comunicare nelle zone colpite . togliete la password perche ' le linee sono intasate . #allerta ‚Ä¶
2013-11-19,"gabrielli "" √® stata una piena millenaria "" ma diamoci un taglio a queste eresie , suvvia , si pensi ad aiutare la popolazione piuttosto #sardegna"
2013-11-19,"rt <USR> : #sardegna , con il tg di mentana , il corriere della sera avvia una raccolta di fondi con l ' iniziativa un ‚Ä¶"
2013-11-19,"sardegna devastata dall ' alluvione , dichiarato stato di emergenza - conquiste del lavoro : sardegna devastata da . . . <URL>"
2013-11-19,massima solidariet√† per i nostri amici della sardegna ! greatest solidarity for our sardinian friends ! #sardegna <URL>
2013-11-19,vicini a cittadini e comuni colpiti dalla drammatica alluvione in #sardegna . pronti a portare aiuto con protezione civile e polizia locale
2013-11-19,"e poi giunse briatore , che come un deus ex machina , salv√≤ tutte le famiglie colpite dall ' alluvione in #sardegna in 14 dei suoi alloggi"
2013-11-19,"#sardegna "" non ci hanno avvertito "" "" evento eccezionale "" #gi√†sentita #eiomuoio"
2013-11-19,#mediafriends iban : it 03 s 03069 09400 000000006262 causale : #alluvione #sardegna <USR> <USR> <USR> ‚Ä¶
2013-11-19,"di cuore , siamo vicini alla #sardegna"
2013-11-19,storm brings flooding and destruction to sardinia <URL>
2013-11-19,"i social in anticipo di ore rispetto ai media tradizionali . √® successo ieri sera con la #sardegna , sta succedendo ancora ‚Ä¶"
2013-11-19,#rt #sardegna #urgenza #alluvione <USR> <USR> <USR> <USR> <USR> #grazie http : ‚Ä¶
2013-11-19,#letta : ¬´ subito stanziati 20 milioni di euro per l ' emergenza maltempo in #sardegna ¬ª . <URL>
2013-11-19,"#sardegna , <USR> mette il billionaire a disposizione degli alluvionati <URL> #allertameteosar #forzasardegna"
2013-11-19,"#allertameteosar , il nubifragio fa strage in #sardegna : le foto su twitter <URL> <URL>"
2013-11-19,storm brings flooding and destruction to sardinia : the italian government declared a state of emergency on the . . . <URL>
2013-11-19,"#alluvione in #sardegna : ringraziamenti , avvisi , riflessione <URL>"
2013-11-19,"la "" mia "" #sardegna : mi si spezza il cuore . . . ¬´ un aiuto subito ¬ª con il corriere della sera e la7 <URL>"
2013-11-19,"#sardegna , <USR> mette il billionaire a disposizione degli alluvionati <URL> #allertameteosar #forza ‚Ä¶"
2013-11-19,"emergenza #sardegna , la solidariet√† #caritas , stanziati 1 0 0 mila euro per primi interventi a popolazione <URL>"
2013-11-19,"' apocalyptic ' #storm floods #sardinia , 17 dead ( from <USR> ) <URL>"
2013-11-19,sale a 18 vittime il bilancio del nubifragio che ha colpito la #sardegna . individuati i corpi di due dispersi . <URL>
2013-11-19,"alluvione sardegna 2013 , video . oggi ancora piogge : a bonorva scuole chiuse <URL> #forzasardegna #allertameteosar #maltempo"
2013-11-19,"<USR> 115 in tilt . emergenza : 083 / 8530244,083 / 8530223,083 / 8530239 . gallura : 0789 / 69502 - 0789 / 52020 #sardegna #allertamete ‚Ä¶"
2013-11-19,sicurezza e cura del territorio : ecco l ' unica grande opera <URL> #notav #sardegna #tav
2013-11-19,18 vittime ultimo bilancio 2000 sfollati e dispersi aiutiamo tutti la #sardegna trovate iban x donazioni su www . tgcom
2013-11-19,<USR> mi unisco al tuo pensiero ! #sardegna
2013-11-19,bbc news - sardinia hit by deadly cyclone and flooding <URL>
2013-11-19,"115 in tilt . emergenza : 083 / 8530244,083 / 8530223,083 / 8530239 . gallura : 0789 / 69502 - 0789 / 52020 #sardegna #allertameteosar #e ‚Ä¶"
2013-11-19,#allertameteosar le frequenze per usare le radio vhf ed uhf in #sardegna : <URL> via <USR>
2013-11-19,"' apocalyptic ' storm floods sardinia , 17 dead : rome ( ap ) ‚Äî the mediterranean island of sardinia , prized by the . . . <URL>"
2013-11-19,sale a 18 vittime il bilancio del nubifragio che ha colpito la #sardegna . individuati i corpi di due dispersi . <URL>
2013-11-19,sale a 18 vittime il bilancio del nubifragio che ha colpito la #sardegna . individuati i corpi di due dispersi . <URL>
2013-11-19,<USR> ora in onda speciale alluvione #sardegna <USR> con enrico mentana streaming <URL> ‚Ä¶ #la7 #allertameteo ‚Ä¶
2013-11-19,"ratetake : ' apocalyptic ' storm floods sardinia , 17 dead <URL>"
2013-11-19,floods & cyclone in sardinia . :( hope my friends are ok . <URL>
2013-11-19,fate girare : #alluvioneinsardegna - alloggi ad olbia #olbia #sardegna #alluvione #forzasardegna <URL>
2013-11-19,breaking : italian officials say the death toll from recent torrential flash floods on the island of sardinia rises to 14 .
2013-11-19,#controlacrisi alluvione sardegna . i geologi : ‚Äú oltre 6 milioni gli italiani a rischio ‚Äù <URL>
2013-11-19,queste alcune informazioni per quanto riguarda il disastro in #sardegna . per favore fate girare ! #allertameteosar <URL>
2013-11-19,alluvione sardegna : tutti i numeri per segnalare le emergenze #allertameteosar <URL>
2013-11-19,<USR> sos sardegna - beneficiario : mediafriends iban : it03s0306909400000000006262 causale : alluvione sardegna #all ‚Ä¶
2013-11-19,hit chart √® vicina alle popolazioni della sardegna colpite dall ' alluvione . vi ricordiamo alcuni numeri utili . - . . . <URL>
2013-11-19,as roma wishes to express its solidarity with the families of the flood victims in #sardinia
2013-11-19,<USR> speriamo che non succeda come in #sardegna ma gi√† in #calabria √® un casino ! ! ! !
2013-11-19,l ' #enpa offre pieno supporto in tutta la #sardegna con uomini e mezzi . mette a disposizione ambulanze veterinarie 070684 ‚Ä¶
2013-11-19,l ' #enpa offre pieno supporto in tutta la #sardegna con uomini e mezzi . mette a disposizione ambulanze veterinarie 070684 ‚Ä¶
2013-11-19,l ' #enpa offre pieno supporto in tutta la #sardegna con uomini e mezzi . mette a disposizione ambulanze veterinarie 070684 ‚Ä¶
2013-11-19,"i giovani democratici di trepuzzi si uniscono alla tragedia dell ' alluvione in sardegna . "" tematiche da trattare , . . . <URL>"
2013-11-19,qui radio londra : #sardegna secondo #coldiretti i danni all ' #agricoltura superano 1 miliardo di euro
2013-11-19,#floods italy declares state of emergency in sardinia after deadly cyclone : by james mackenzie at least 17 peo . . . <URL>
2013-11-19,""" <USR> : #alluvione in #sardegna , perch√© la #protezionecivile non usa i #socialnetwork ? | <URL>"
2013-11-19,"cyclone cleopatra hits italian island of sardinia , leaving 14 dead <URL> <URL>"
2013-11-19,alluvione in sardegna - dopo la nostra denuncia guardate cosa ha deciso di fare la rai ! poco fa questo . . . <URL>
2013-11-19,<USR> : avviso allerta per rischio idrogeologico appena diramata . condividete . #allertameteosar #sardegna <URL>
2013-11-19,"‚Äò apocalyptic ‚Äô #storm slams #sardinia , 17 dead : rome ‚Äî the mediterranean island of sardinia , prized by the jet - set . . . <URL>"
2013-11-19,"#sardegna , alluvione . intervista al direttore di radio barbagia <URL> #nuoro #nuorese"
2013-11-19,fondi manifestazione giovani #pdl : abbiamo chiesto vengano devoluti alla #sardegna per l ' emergenza . <USR> <URL>
2013-11-19,la cattiva #politica √® la causa di quello che sta accadendo in #sardegna . adesso tutti a esprimere solidariet√† . la solita #ip ‚Ä¶
2013-11-19,"#sardegna attenzione , ora √® colpa dell ' abusivismo edilizio . . . . mancava solo questa stronzata per farci capire che idioti ‚Ä¶"
2013-11-19,cosa fare in caso di alluvione - i consigli della protezione civile : <URL> #sardegna #allertameteosar <USR> ‚Ä¶
2013-11-19,"#alluvione #sardegna : allerta per "" bomba d ' acqua "" a cagliari prevista intorno alle ore 16.00 #vid <USR>"
2013-11-19,"tutti uniti per ci√≤ che sta accadendo in #sardegna , siamo con voi ! <3"
2013-11-19,at least 16 people dead in the floods that devastated sardinia after cyclone cleopatra : <URL>
2013-11-19,"alluvione in sardegna . stasera #crozza non va a ballar√≤ : "" non c ' √® nulla da ridere "" e ' la prima volta che mi trovo vicino a ‚Ä¶"
2013-11-19,salgono a 18 le vittime dell ' alluvione in #sardegna . il fotoracconto <URL> <URL>
2013-11-19,#sardegna . telefono per assistenza a malati e disabili : 800062026 ( fonte verificata )
2013-11-19,#sardegna . telefono per assistenza a malati e disabili : 800062026 ( fonte verificata )
2013-11-19,hoy son sardo #sardegna #forzasardegna
2013-11-19,a #map with all the places hit by deadly floods in #sardinia . <URL> <URL> #climatechange #hydrogeological
2013-11-19,"‚Äú <USR> : segnalate questo "" signore "" #sardegna #forzasardegna <URL> / sa mamma de is callonis esti ‚Ä¶"
2013-11-19,salgono a 18 le vittime dell ' alluvione in #sardegna . il fotoracconto <URL> <URL>
2013-11-19,#sardegna ancora bersagliata da rovesci e temporali . ecco l ' immagine del radar meteorologico ! #forzasardegna <URL>
2013-11-19,#sardegna . telefono per assistenza a malati e disabili : 800062026 ( fonte verificata )
2013-11-19,#rt #sardegna #olbia #allertameteosar #numeriutili <USR> <USR> <USR> <USR> ! #urgenza ht ‚Ä¶
2013-11-19,la #solidariet√† ha un nome solo : #forzasardegna ! #olbia attivato cc per aiuti iban it72u0101584980000070361388 #sardegna #allertameteosar
2013-11-19,bbc ' s <USR> on a bridge destroyed by floods near oliena in sardinia #sardegna <URL>
2013-11-19,"alluvione sardegna : tutti i numeri utili per segnalare le emergenze ( #allertameteosar , #sardegna , #forzasardegna ) - http :// t ‚Ä¶"
2013-11-19,tutti i luoghi colpiti dall ' alluvione in sardegna . <URL> <URL>
2013-11-19,cyclone cleopatra claims 18 lives in sardinia <URL>
2013-11-19,"alluvione sardegna , <USR> in volo per olbia <URL>"
2013-11-19,"dr . masters says , "" midwest cleans up 2013 ' s biggest #severe weather outbreak ; floods kill 17 in sardinia "" <URL>"
2013-11-19,"cyclone cleopatra sweeps italy ' s sardinia , killing at least 17 : rome - - at least 17 people were killed by floo . . . <URL>"
2013-11-19,#sardegna . telefono per assistenza a malati e disabili : 800062026 ( fonte verificata )
2013-11-19,"alla gente di merda che gode per ci√≤ che √® accaduto e che sta accadendo nella mia isola ( #sardegna ) , dico solo di stare molto attenti ."
2013-11-19,ma il cittadino onorario di #olbia silvio #berlusconi non sente il dovere morale di intervenire sull ' alluvione in #sardegna ?
2013-11-19,le notizie dell ' alluvione in sardegna sono terribili . col cuore sono vicina a tutti i miei conterranei . .
2013-11-19,"un anno e una settimana fa , nell ' alto lazio e umbria , c ' eravamo noi sott ' acqua . #sardegna vi capisco . abbiamo spalato fango p ‚Ä¶"
2013-11-19,"non dividiamoci in polemiche sterili . l ' alluvione in sardegna ha a che fare con il cambio del clima , questo e ' il punto"
2013-11-19,italian emergency workers search for victims as sardinia floods leave 17 dead <URL>
2013-11-19,magari servir√† a poco ma ora siamo tutti una famiglia ! per i tributi della #sardegna <USR> <USR> htt ‚Ä¶
2013-11-19,#sardegna #allertameteosar . . sta per arrivare un nuova #perturbazione molto forte non uscite di casa #olbia #cagliari  ‚Ä¶
2013-11-19,"la natura sa essere la madre amorevole , ma sa anche essere la matrigna cattiva . #sardegna"
2013-11-19,in fondo <USR> nonostante tutti i problemi che posso avere sono acqua fresca in confronto a cosa accaduto in #sardegna che dolore quello
2013-11-19,"' apocalyptic ' storm floods sardinia , 17 dead <URL>"
2013-11-19,#sardegna #aggiornamenti #numeriutili #allertameteosar #olbia #forzasardegna <URL>
2013-11-19,#forzasardegna #allertameteosar <URL> #sardegna #allertameteosar #olbia #immagini <USR> !
2013-11-19,amigos ! ! ! :@ papryka5 : #amici della #sardegna noi ci siamo #sapevatelo <URL>
2013-11-19,#alluvione in #sardegna : stanziati 25 milioni per l ' #emergenza - continua il #maltempo #meteo #cleopatra #ciclone . . . <URL>
2013-11-19,"come mi viene richiesto inoltro i numeri ' alternativi ' di #emergenza per la #sardegna , ch√© il #115 √® in tilt #aiuto ht ‚Ä¶"
2013-11-19,<USR> il presidente #letta arrivato ad #olbia per discuttere dell ' emergenza maltempo in #sardegna . #allertameteosar ‚Ä¶
2013-11-19,"<USR> 115 in tilt . emergenza : 083 / 8530244,083 / 8530223,083 / 8530239 . gallura : 0789 / 69502 - 0789 / 52020 #sardegna #allertameteosar"
2013-11-19,"alluvione #sardegna , attenzione ai volantini - bufala : ‚Äú lasciate le case ‚Äù , forse opera di sciacalli ! retwittate ! #allert ‚Ä¶"
2013-11-19,#sardegna #allertameteosar . . sta per arrivare un nuova #perturbazione molto forte non uscite di casa #olbia #cagliari  ‚Ä¶
2013-11-19,"#iovotoperch√© <USR> sono vicino alle famiglie sarde , non deve deve calare l ' attenzione sulla #sardegna , e #matteori ‚Ä¶"
2013-11-19,alluvione in sardegna : le vittime <URL>
2013-11-19,luca #mercalli a <USR> : ¬´ l ' evento in #sardegna non √® stato eccezionale . ci stiamo avviando verso una normalit√† di questo tipo ¬ª .
2013-11-19,"[ video ] <USR> : alluvione #sardegna , dichiarato lo stato d ‚Äô emergenza <URL> ‚Ä¶ #allertameteosar #forzasardegna #olbia"
2013-11-19,#sardegna : stiamo raccogliendo informazioni su necessit√† specifiche della popolazione #allertameteosar #sosalluvionesar ‚Ä¶
2013-11-19,"#alluvione in #sardegna , dall ' #umbria uomini e mezzi <URL> <URL>"
2013-11-19,"l ' #ambiente piegato alle logiche del profitto con il placet della #politica , che si straccia le vesti , a farne le spese la gente #sardegna"
2013-11-19,"alluvione in sardegna : rai censura le parole del direttore dell ' unione sarda , poi il dietrofront : il tg2 inter . . . <URL>"
2013-11-19,"alluvione sardegna , briatore cuore d ' oro : offre 14 alloggi alle famiglie in emergenza <URL>"
2013-11-19,rt post impopolare e senza cuore <URL> #sardegna
2013-11-19,#sardegna #allertameteosar ancora invito a diffondere il pi√π possibile i numeri alternativi al 115 . grazie <URL>
2013-11-19,#sardegna #allertameteosar ancora invito a diffondere il pi√π possibile i numeri alternativi al 115 . grazie <URL>
2013-11-19,un messaggio dai volontari dell ' emilia : #sardegna tin b√≤ta ! #forzasardegna #allertameteosar <URL>
2013-11-19,un augurio speciale alla #sardegna colpita dagli alluvioni ! speriamo che si possa risolvere tutto al pi√π presto ! http :// t . ‚Ä¶
2013-11-19,"#pd , civati : ‚Äú 2 euro primarie alla #sardegna ‚Äù . renzi : ‚Äú no alla beneficenza , ma rispetto regole ‚Äù leggi : <URL>"
2013-11-19,wie komisch vor zwei monaten war ich noch auf den sardinien . . . #sardinia #sardinien #ungl√ºck #wasser
2013-11-19,"¬´ la #sardegna , a giusto titolo , si pu√≤ considerare eredit√† e dominio di maria , e che tale vuol restare nel futuro ¬ª ( #pioxii , 16.04.1958 )"
2013-11-19,storm brings flooding and destruction to sardinia - new york times : vancouver sunstorm brings flooding and des . . . <URL>
2013-11-19,"+ + + segui la diretta . alluvione in sardegna : 17 morti . un disperso ritrovato + + + una strage , 17 vittime . letta . . . <URL>"
2013-11-19,emergenza #sardegna : pensiamo alla ricostruzione - rete del dono <URL> #forzasardegna
2013-11-19,killer floods as sardinia receives half its annual rainfall in a day . insane <URL>
2013-11-19,l ' <USR> √® vicina alla #sardegna e ai sardi . continueremo a parlare di voi ! un grande abbraccio a tutti #forzasarde ‚Ä¶
2013-11-19,"alluvione sardegna , letta : ¬´ lo stato c ' √® e sta facendo il massimo ¬ª <URL> #gzagato <URL>"
2013-11-19,sardinia hit by cyclone and flooding ! year 12 . . . take note ! <URL>
2013-11-19,una preghiera e un pensiero per tutti gli amici che vivono nella bella e amata #sardegna in questo momento . . . <URL>
2013-11-19,<USR> grazie . . . il mal tempo non ci da ' tregua . . . continua a piovere #sardegna #allertameteosar :(
2013-11-19,mappa e video della #sardegna in tempo reale <URL> #forzasardegna #allertameteosar <URL>
2013-11-19,"#nubifragio in #sardegna , anche i #carabinieri sottacqua <URL> via <USR>"
2013-11-19,"dovremmo essere un paese unito , e invece , mentre la mia terra √® in ginocchio , le persone scherzano sulla morte di poveri innocenti . #sardegna"
2013-11-19,#sardegna ferita : il fotoconfronto #allertameteosar <URL> <URL>
2013-11-19,"#alluvione #sardegna : si cercano #volontari , materassi , attrezzature x spalare . contattare donatella careddu 340 102535 ‚Ä¶"
2013-11-19,": alluvione in sardegna , il ministro orlando : "" protezione civile avvis√≤ che vittime erano possibili "" <URL>"
2013-11-19,<USR> sei un tesoro . in questo momento questo √® il volto della #sardegna #narrarte <URL> ciusa http :/ ‚Ä¶
2013-11-19,"#urgente ! ! ! #sardegna #allertameteosar fate girare , girare , girare ! <URL>"
2013-11-19,seriamente chiediamoci come sta cambiando il #clima ! / #sardegna #olbia #cagliari #cleopatra | <URL> h ‚Ä¶
2013-11-19,#sardegna #forzasardegna #maledettociclone #terramagnifica #vicininquestomomento <URL>
2013-11-19,"veramente piena solidariet√† alla #sardegna tutta , ai suoi dispersi e alluvionati , per la tragedia che sta vivendo in queste ore <USR>"
2013-11-19,#yahoo_astronomy search for victims as sardinia floods leave 18 dead <URL>
2013-11-19,emergenza #sardegna : un aiuto subito ! anche <USR> vuole aiutare le popolazioni alluvionate . ecco come dare una mano : htt ‚Ä¶
2013-11-19,"alluvione in sardegna , √® strage : 18 morti ¬´ in 24 ore caduta la pioggia di sei mesi ¬ª <URL>"
2013-11-19,"' a drama of incredible proportions , ' italy prime minister letta on the flash floods in sardinia - photos on wsj . <URL>"
2013-11-19,<USR> mi unisco al tuo pensiero ! #sardegna
2013-11-19,"#sardegna in ginocchio , 18 morti <URL>"
2013-11-19,emergenza #sardegna : raccolta fondi promossa da corriere e la7 it86 r030 6909 4000 0000 0111 105 #allertameteosar #forz ‚Ä¶
2013-11-19,"oltre la #sardegna , anche la mia #calabria mostra le sue crepe strutturali dalle prime piogge . nella zona di catanzaro http :// ‚Ä¶"
2013-11-19,forza #sardegna ! ! !
2013-11-19,"+ soldi spesi bene prima = + lavoro , territorio + sicuro , - morti e - costi sociali #sardegna #italiadisastrata"
2013-11-19,#pakistan cyclone cleopatra : italy declares state of emergency after 18 killed in sardinia - abc online : irish . . . <URL>
2013-11-19,"spendiamo miliardi per aerei militari , ed oggi c ' era un solo elicottero in tutta la #sardegna vergognatevi ! #allertamete ‚Ä¶"
2013-11-19,condividete . . . #sardegna . . . offrono alloggio a olbia . . . <URL>
2013-11-19,abbiamo bisogno di voi . . basta un semplice rt . grazie #allertameteosar #forzasardegna #sardegna #sardegnaciclone http :// t ‚Ä¶
2013-11-19,#floods flash floods kill 17 in italy ‚Äô s sardinia : rome : italy declared a state of emergency yesterday after fl . . . <URL>
2013-11-19,<URL> #sardegna ecco i numeri x donare rt <USR> <USR> <USR> <USR> <USR>
2013-11-19,in tantissimi tutti insieme x te #sardegna . . . presto esce il sole ! ! #forzasardegna #altuofianco . . .
2013-11-19,"#alluvione #sardegna : si cercano #volontari , materassi , attrezzature x spalare . contattare donatella careddu 340 102535 ‚Ä¶"
2013-11-19,"#sardegna #olbia > martina , la giovane tedesca salva l ? anziana e il suo cane <URL>"
2013-11-19,le foto dell ' alluvione in sardegna che ha provocato 16 morti . <URL> <URL>
2013-11-19,"14 people killed and several missing after cyclone cleopatra hit italian island of sardinia , officials say <URL>"
2013-11-19,omaggio alla #sardegna di paolo fresu e marcello fois #ballar√≤ <URL>
2013-11-19,rivedi l ' omaggio alla #sardegna di paolo fresu e marcello fois a #ballar√≤ <URL>
2013-11-19,[ sirboni records ] sull ' alluvione in sardegna <URL>
2013-11-19,le foto dell ' alluvione in sardegna che ha provocato 16 morti . <URL> <URL>
2013-11-19,<USR> <USR> <USR> <USR> <USR> <USR> <USR> <USR> forza #sardegna #coraggio
2013-11-19,emergenza #sardegna i numeri utili <URL>
2013-11-19,"#alluvione #sardegna : si cercano #volontari , materassi , attrezzature x spalare . contattare donatella careddu 340 102535 ‚Ä¶"
2013-11-19,#allertameteosar maria grazia rassu pu√≤ ospitare 3 persone a #sassari 3453705811 #sardegna
2013-11-19,#berlusconi : sto seguendo con commozione le notizie dalla #sardegna e sono vicino ai feriti <URL>
2013-11-19,"#emergenzasar #allertameteosar #sardegna parrocchia san giuseppe - via trento , nuoro . sede del gruppo scout nuoro2 <URL>"
2013-11-19,"spendiamo miliardi per aerei militari , ed oggi c ' era un solo elicottero in tutta la #sardegna vergognatevi ! #allertamete ‚Ä¶"
2013-11-19,il nostro pensiero va agli amici colpiti dalla catastrofe che si √® abbattuta sulla #sardegna . siamo vicini a tutti voi .
2013-11-19,<USR> #allertameteosar #sardegna <USR> sembra qualificarsi da solo . . .
2013-11-19,la temperatura calda del mediterraneo il principale motore del ciclone in #sardegna . le foto dei danni a san gavino : http :// t . ‚Ä¶
2013-11-19,"#sardegna , #filippine , il dolore non ha confini . stringiamoci attorno alle vittime e diamo una mano ! basta poco per fare tanto !"
2013-11-19,alluvione in sardegna : mengoni e altri vip si mobilitano su twitter <URL>
2013-11-19,<USR> seeeee quella sta a penz√† ( pensare ) alla rivoluzione liberale da 20 anni . . . #sardegna in lista di attesa ! #lorenzin #ballaro
2013-11-19,"quanti giorni passeranno perch√® anche la #sardegna finisca nel dimenticatoio e i sardi restino , come gli aquilani , soli ? ‚Ä¶"
2013-11-19,forza sardegna ! ce la puoi fare ! ‚ô• ‚ô• ‚ô• #forzasardegna #allertameteosar #sardegna #prayforsardinia ‚Ä¶ <URL>
2013-11-19,e ora il governo dichiari il lutto nazionale per la #sardegna <URL> via <USR> <USR>
2013-11-19,#allertameteosar #forzasardegna #sardegnaciclone my heart is with all of u #sardinia <URL>
2013-11-19,thinking about my loved ones in sardinia . be strong my friends . if we stick together we can overcome everything #sardinia
2013-11-19,""" <USR> : alluvione in sardegna , lo sfogo di renato soru : "" colpa di ingordi e speculatori "" <URL> via <USR> """
2013-11-19,tutti noi siamo solidali a tutti i cittadini della #sardegna colpiti dall ' immane tragedia un ringraziamento a tutti gli operator ‚Ä¶
2013-11-19,"alluvione in sardegna , le idrovore dell ' esercito ( la repubblica ) <URL>"
2013-11-19,sicurezza e cura del territorio : ecco l ' unica grande opera <URL> #notav #sardegna #tav
2013-11-19,lo storify #gazebo su #sardegna #gazebo
2013-11-19,alluvione sardegna numeri utili : centro accoglienza 0789 - 69502 prot . civile 0789 - 52020 org . soccorsi 366-6617681 #allertam ‚Ä¶
2013-11-19,forza #sardegna <USR> <USR> <USR> <USR> <USR> <USR> <USR>
2013-11-19,alluvione sardegna speciale su sito istituzionale regione <URL> via <USR> #allertameteosar
2013-11-19,ministro #orlando invece di andare a #portaaporta volare in #sardegna no eh . complimenti .
2013-11-19,alluvione sardegna olbia <URL>
2013-11-19,"#googlenews pm update : clear , cold into wednesday ; killer cyclone cleopatra in sardinia - washington post ( blog ) <URL>"
2013-11-19,‚ú® ‚ú® ‚ú® dolce notte a tutti ‚ú® ‚ú® ‚ú® un pensiero colmo di affetto a tutta la #sardegna ‚ù§ ‚ù§ ‚ù§ ‚ù§
2013-11-19,cyclone cleopatra traumatises people of sardinia - mediterranean islanders traumatised by cyclone cleopatra <URL>
2013-11-23,"<USR> : aiuta la #sardegna , dona ora 2 euro al 45500 da mobile e fisso e sostieni con la #crocerossa la popolazione . <USR>"
2013-11-23,#alluvione #sardegna frutto anche di sistema prot . civile debole su territorio : dopo allarme cittadini devono sapere cosa fare <USR>
2013-11-23,i soldi donati con sms per abruzzo ed emilia sono ancora nelle banche e non in mano agli sfollati ! aiuto concreto non sms ! ! #sardegna
2013-11-23,l ‚Äô imprenditore edile che dice che non sono i costruttori a decidere quello che si fa delle nostre citt√† pensa di stare a zelig ? #sardegna
2013-11-23,#solidariet√† nella giusta direzione / <USR> : <URL> <USR> <USR> #alluvione #sardegna #filippine
2013-11-23,alluvione : consigli asl contro epidemie - sardegna <URL>
2013-11-23,<USR> potrebbe inviare aiuti alle zone della sardegna colpite dall ' alluvione #allertameteosar
2013-11-23,conte : io e la societ√† siamo vicini a tutta la popolazione della #sardegna e siamo pronti a qualsiasi gesto per dare loro u ‚Ä¶
2013-11-23,inviate un messaggio al 45500 #sardegna #help #45500 <URL>
2013-11-23,a #olbia c ' √® bisogno di cibi in scatola e e detersivi . per ora non servono vestiti . ritwittate per favore #sardegna #all ‚Ä¶
2013-11-23,buongiorno #italia buongiorno #sardegna good morning #world #unpensieropertutti
2013-11-23,a #olbia c ' √® bisogno di cibi in scatola e e detersivi . per ora non servono vestiti . ritwittate per favore #sardegna #all ‚Ä¶
2013-11-23,a #olbia c ' √® bisogno di cibi in scatola e e detersivi . per ora non servono vestiti . ritwittate per favore #sardegna #all ‚Ä¶
2013-11-23,alluvione in sardegna : per segnalazioni di richieste e disponibilit√† utilizzare hashtag #allertameteosar
2013-11-23,a #olbia c ' √® bisogno di cibi in scatola e e detersivi . per ora non servono vestiti . ritwittate per favore #sardegna #all ‚Ä¶
2013-11-23,cari #vip mettete a disposizione le vostre ville in #sardegna per aiutare chi non ha pi√π un tetto ! #forzasardegna
2013-11-23,conte : io e la societ√† siamo vicini a tutta la popolazione della #sardegna e siamo pronti a qualsiasi gesto per dare loro u ‚Ä¶
2013-11-23,a #olbia c ' √® bisogno di cibi in scatola e e detersivi . per ora non servono vestiti . ritwittate per favore #sardegna #all ‚Ä¶
2013-11-23,"in arrivo i #profumi del #toro , saranno il tramite per raccogliere fondi in favore della #sardegna - #filippine . http :// t ‚Ä¶"
2013-11-23,at least 18 die as sardinia pummelled by 1 0 0 km / h winds and flash floods <URL> —Å –ø–æ–º–æ—â—å—é <USR>
2013-11-23,alluvione sardegna : sindaco sulcis devolve lo stipendio alle . . . <URL>
2013-11-23,19 novembre 2013 - alluvione sardegna <URL>
2013-11-23,"sardegna , alluvione . l ' appello di susanna campus | tempi . it <URL>"
2013-11-23,"#tav un asse strategico ha detto #letta , la scelta strategica dovrebbe essere la riconversione ecologica , vedi #sardegna"
2013-11-23,alluvione sardegna : ancora 871 sfollati : il nuovo aggiornamento dalla sala operativa della protezione civile r . . . <URL>
2013-11-29,"buon venerd√¨ - il pozzo sacro nuragico di "" santa cristina "" #sardegna <URL>"
