2013-12-04,lawsuit planned on behalf of woman injured in metro - north derailment <URL>
2013-12-04,"ny train crash engineer ' nodded off ' : the engineer who was involved in sunday ' s new york train derailment apparently "" was nodding off . . ."
2013-12-04,"after new york train derailment , former pennsylvania gov . ed rendell wants more money for government . <URL>"
2013-12-04,"feds : train safety ' unacceptable ' : days after a deadly metro - north train derailment in new york , a top federal . . . <URL>"
2013-12-04,"' serious concerns ' about line ' s safety : days after a deadly metro - north train derailment in new york , a top fe . . . <URL>"
2013-12-04,watch today in new york online now for the latest on the metro - north derailment <URL>
2013-12-04,union official : engineer was ' nodding ' before derailment . . <URL> #nyc #bronx #news
2013-12-04,#latenightcreep at least 4 dead in nyc train derailment <URL> ( recap )
2013-12-04,"pray for all those affected by the metro north derailment accident - lord , please send help - many are struggling with coping"
2013-12-04,"a train driver says he was experiencing "" highway hypnosis "" prior to last week ' s new york derailment . what is it ? http : ‚Ä¶"
2013-12-04,"ny train crash engineer ' nodded off ' : the engineer who was involved in sunday ' s new york train derailment apparently "" was nodding off . . ."
2013-12-04,"ny train crash engineer was in ' a daze situation , ' lawyer says : the engineer in the fatal metro - north train de . . . <URL>"
2013-12-04,rt <USR> : the ntsb has ousted a railroad workers union from further participating in the metro - north crash probe . http ‚Ä¶
2013-12-04,driver in fatal new york train crash ' zoned out ' : union - reuters <URL>
2013-12-04,engineer admits he ‚Äò zoned out ‚Äô before deadly metro - north train crash - <URL>
2013-12-04,news update driver in fatal new york train crash ' zoned out ' - union <URL>
2013-12-04,probe seeks cause of nyc train crash that killed 4 - by verena dobnik and kiley armstrongassociated press new york . . . <URL>
2013-12-04,this technology may have prevented the new york train crash <URL>
2013-12-04,lawyer : engineer in ' daze ' before nyc train crash <URL>
2013-12-04,nyc train crash : union official says train engineer nodded off <URL> <URL>
2013-12-04,lawyer : engineer in ' daze ' before nyc train crash <URL>
2013-12-04,video : engineer fell asleep before fatal nyc train wreck <URL> <USR> #train #crash #nyc
2013-12-04,lawyer : engineer in daze before nyc train crash : an engineer whose speeding commuter train ran . . . <URL> #accessnorthga
2013-12-04,"new york train crash driver ' zoned out ' , says rail union - the guardian <URL> #newyork"
2013-12-04,new york ' s metro - north train crash calls attention to the impact of fatigue on safety <URL>
2013-12-04,lawyer : engineer in ' daze ' before nyc train crash <URL>
2013-12-04,metro north railroad train crash . . . perhaps positive train control ( ptc ) would have helped . gao had a recent report : http :/ ‚Ä¶
2013-12-04,photos : metro - north engineer minutes after crash - new york daily news <URL>
2013-12-04,lawyer : engineer in ' daze ' before nyc train crash : an engineer whose speeding commuter train ran off the rails . . . <URL>
2013-12-03,just came in to hear people complaining about delays after metro - north derailment . better 5 min late in this life than 24 h ‚Ä¶
2013-12-03,update : ntsb : metro - north train was traveling roughly 82 mph into 30 - mph curve before deadly derailment : <URL>
2013-12-03,"nyc train derailment airs queries about technology : yonkers , n . y . ( ap ) - the revelation that a new y . . . <URL>"
2013-12-03,did physics make the tragic metro - north derailment unstoppable ? <URL>
2013-12-03,did physics make the tragic metro - north derailment unstoppable ? <URL> #smm #technology
2013-12-03,did physics make the tragic metro - north derailment unstoppable ? <URL> via <USR>
2013-12-03,did physics make the tragic metro - north derailment unstoppable ? <URL>
2013-12-03,nyc train derailment airs queries about technology | general headlines | comcast <URL>
2013-12-03,"city room : new york today : after derailment , best options for commuters : what you need to know for tuesday : av . . . <URL>"
2013-12-03,"dnainfo : metro - north engineer sleeping before train derailment , sources say <URL> #nyc"
2013-12-03,"city room : new york today : after derailment , best options for commuters : what you need to know for tuesday : av . . . <URL>"
2013-12-03,"city room : new york today : after derailment , best options for commuters : what you need to know for tuesday : av . . . <URL>"
2013-12-03,nyc train derailment airs queries about technology <URL>
2013-12-03,wow . rt <USR> : metro - north engineer was dozing at wheel before train derailment <URL> cc <USR> <USR> <USR> <USR> <USR>
2013-12-03,"rt <USR> : metro - north engineer fell asleep moments before deadly train derailment , <USR> reports http :// t ‚Ä¶"
2013-12-03,did physics make the tragic metro - north derailment unstoppable ? : after reports that the metro - north commuter train that derailed earl . . .
2013-12-03,widow of metro - north derailment victim from cortlandt : ‚Äò he gave me a life ‚Äô <URL>
2013-12-03,"new york city train derailment airs queries about technology : new york , united states ( ap ) ‚Äî . . . <URL> #jamaicaobserver"
2013-12-03,update : metro north train engineer trying to piece together events before derailment and is ' distraugh . . . <URL> #sp4zee
2013-12-03,the driver in the new york deadly train derailment told investigators that he ' lost focus ' before the crash <URL>
2013-12-03,"nyc train derailment airs queries about technology : yonkers , n . y . ( ap ) ‚Äî the revelation that a new york city c . . . <URL>"
2013-12-03,metro - north engineer was dozing just before train derailment <URL>
2013-12-03,"metro - north engineer was dozing just before train derailment , sources say via <USR> <URL> asleep ? ? ? ?"
2013-12-03,icymi : the stunning physics of the metro - north derailment <URL> <URL>
2013-12-03,"william rockefeller , metro - north engineer , fell asleep during fatal train derailment : report <URL> vi ‚Ä¶"
2013-12-03,"sources : metro - north engineer "" lost focus "" moments before deadly derailment <URL>"
2013-12-03,"new : ntsb : based on metro - north train data , no indication brakes were not functioning properly before deadly derailment sunday ."
2013-12-03,watch live : officials giving update on #metronorth train derailment investigation - <URL>
2013-12-03,"#breaking yonkers , n . y . ( <USR> ) - investigators looking into nyc derailment : no problems found with brake system , signals so far ."
2013-12-03,"breaking : service resumes tomorrow on "" 98 percent "" of hudson line #metronorth #derailment #mta #nbc4ny"
2013-12-03,breaking : union official : engineer caught himself nodding at controls before deadly nyc train derailment .
2013-12-03,from the associated press : union official : engineer caught himself nodding at controls before deadly nyc train derailment .
2013-12-03,union official : engineer caught himself nodding at controls before deadly new york city train derailment - <USR>
2013-12-03,"new york train had ' no anomalies ' before derailment , investigators say : ntsb said investigators didn ' t find an . . . <URL>"
2013-12-03,experts discuss the metro - north train derailment and the dangers of sleep deprivation on the job : <URL>
2013-12-03,". #metronorth says it plans to resume most service on its hudson line tomorrow , three days after a deadly derailment in the bronx ."
2013-12-03,breaking : union official : engineer caught himself nodding at controls before deadly nyc train derailment .
2013-12-03,nyc train derailment apparently partly due 2 human error . is this greater issue or failure to more expeditiously install failsafe equipment ?
2013-12-03,‚Äú <USR> : final ntsb press briefing on metro north train derailment is available at : <URL> #metronorth ‚Äù
2013-12-03,breaking : union official : engineer caught himself nodding at controls before deadly nyc train derailment .
2013-12-03,ntsb says new york commuter train was going 82 mph before crash : a commuter train that derailed over the weeke . . . <URL>
2013-12-03,"will speak with family of jim lovell , killed in metro north crash . his family would like you to know about jim and the ‚Ä¶"
2013-12-03,new york train crash : probe into cause begins <URL>
2013-12-03,"will speak with family of jim lovell , killed in metro north crash . his family would like you to know about jim and the ‚Ä¶"
2013-12-03,new york train was going 82 mph when it derailed . <URL>
2013-12-03,new york train was going 82 mph when it derailed . <URL>
2013-12-03,check it out : bbc news ‚Äì new york train crash : injured have ‚Äò wounds full of dirt ‚Äô : four people . . . <URL> don ' t miss it
2013-12-03,the technology that may have prevented the new york train crash <URL>
2013-12-03,train engineer ' fell asleep ' moments before deadly crash in new york <URL>
2013-12-03,metro - north engineer daydreaming before crash : the metro - north train engineer involved sunday ‚Äô s fatal crash ma . . . <URL>
2013-12-03,metro - north engineer daydreaming before crash - new york daily news : new york daily newsmetro - north engineer d . . . <URL>
2013-12-03,metro - north train sped at 82 m . p . h . ahead of curve in fatal crash <URL>
2013-12-03,driver in fatal new york train crash ' lost focus ' : source <URL>
2013-12-03,#news driver in fatal new york train crash ' lost focus ' : source - reuters <URL>
2013-12-03,"breaking : conductor claims being "" in a daze "" just be4 train derailed / crashed last weekend in the bronx / nyc . ( cnn )"
2013-12-03,#news metro - north engineer : ' i was in a daze ' before crash <URL>
2013-12-03,the driver in the new york deadly train derailment told investigators that he ' lost focus ' before the crash <URL>
2013-12-03,engineer ' in a daze ' before crash : the engineer of the train that derailed in new york tells officials he was . . . <URL>
2013-12-03,ap photo : engineer william rockefeller is wheeled on a stretcher after the train he was operating in nyc derailed : <URL>
2013-12-03,driver in fatal new york train crash ' lost focus ' : source <URL>
2013-12-03,train driver : ' i was in a daze ' before fatal crash : new reports suggest the metro - north conductor ' zoned out ' . . . <URL>
2013-12-03,#breaking initial alcohol breath test came back negative for metro - north train engineer in deadly crash <URL>
2013-12-03,update 4 - driver in fatal new york train crash ' lost focus ' - source - reuters : abc newsupdate 4 - driver in fatal . . . <URL>
2013-12-03,( post ) : nyc train engineer was sleeping before deadly crash <URL> #djschemes
2013-12-03,"#bbcnews ny train crash driver ' in a daze ' : the driver of a new york commuter train that derailed , . . . <URL>"
2013-12-03,source : metro - north engineer william rockefeller ' in a daze ' just before crash - newsday : newsdaysource : metro . . . <URL>
2013-12-03,being ‚Äò consciously asleep ‚Äô common : experts : the conductor at the helm during sunday ' s deadly metro - north crash . . . <URL>
2013-12-03,"driver of nyc train that derailed , killing four , reportedly told officials he was in "" a daze "" moments before crash http :// t . ‚Ä¶"
2013-12-03,what did the engineer not say - the engineer of the train that derailed in new york tells officials he was dazed i . . . <URL>
2013-12-03,. <USR> : alcohol tests on #metronorth train crew all negative after crash
2013-12-03,nyc train crash : sources say engineer zoned out before crash - cbs news . . . <URL>
2013-12-03,"ny train crash driver ' in a daze ' : the driver of a new york commuter train that derailed , killing four , report . . . <URL>"
2013-12-03,. . . . rt <USR> driver in fatal new york train crash ' lost focus ' : source <URL>
2013-12-03,"driver in fatal new york train crash was not drunk nor on drugs , us ntsb says <URL>"
2013-12-03,#engineer admits he #zoned out before deadly metro - north #train crash <URL>
2013-12-05,"mta : derailed metro - north train had ' alerter ' for engineer : three days after the fatal metro - north derailment , the mta conceded wedne . . ."
2013-12-05,new york train derailment prompts governors to press safety debate <URL>
2013-12-05,new york ‚Äô s train derailment is a reminder of the importance of sleep health policy <URL>
2013-12-05,metro - north derailment mta said train was equipped with tech 2 alert an inattentive engineer - but it was on wrong end <URL>
2013-12-05,"mta offers bus service , urges telecommuting after nyc train derailment disrupts commuting"
2013-12-05,metro - north derailment demonstrates need for infrastructure . . . : metro - north derailment demonstrates need for . . . <URL>
2013-12-05,here ' s the federally mandated technology that could have stopped the deadly new york train derailment : in 2008 . . . <URL>
2013-12-05,"derailed new york train had alert mechanism , but not in engineer ' s car , source reports <URL>"
2013-12-05,sources are saying the ny train crash engineer told cops he may have zoned out #metronorth <URL>
2013-12-05,sen feinstein : sunday ' s nyc train crash was preventable : speed up deployment of positive train control
2013-12-05,analysis : two factors key to lawsuits over new york deadly train crash . <URL>
2013-12-07,feds issue new rules for metro - north following deadly derailment <URL> via <USR>
2013-12-07,new york city commuters warned of delays following derailment - ( reuters ) - commuters from new york city ' s . . . <URL>
2013-12-07,new york ‚Äô s train derailment is a reminder of the importance of sleep health policy via <USR> #greatchallenges <URL>
2013-12-07,"funeral held for kisook ahn , one of four passengers killed in nyc train derailment : <URL> - rjj"
2013-12-07,engineer in metro - north crash is called responsible and kind <URL>
2013-12-07,probe seeks cause of nyc train crash that killed 4 - by verena dobnik and kiley armstrongassociated press new york . . . <URL>
2013-12-12,could this technology have prevented the metro - north derailment ? <URL>
2013-12-01,nypd calling level 3 mobilization ( borough - wide ) for possible train derailment near spuyten duyvil metro north station in the bronx
2013-12-01,: photo : carriages in new york city train derailment - via instagram user squintysabre <URL>
2013-12-01,unknown number of injuries in new york city train derailment near metro - north spuyten duyvil station in the bronx - <USR> ‚Ä¶
2013-12-01,there has been one fatality so far at the metro north derailment in bronx nyc #breaking
2013-12-01,"numerous emergency vehicles responding to new york city train derailment , some trains submerged in water , eyewitness clai ‚Ä¶"
2013-12-01,"train involved in derailment was the 05:54 a.m. train from poughkeepsie , new york , due at grand central at 07:43 a.m. - <USR> ‚Ä¶"
2013-12-01,"train involved in derailment was the 05:54 a.m. train from poughkeepsie , new york , due at grand central at 07:43 a.m. - <USR> ‚Ä¶"
2013-12-01,wow . ‚Äú <USR> : aerial picture metro north train derailment in bronx nyc . <USR> <URL>
2013-12-01,photo : carriages in new york city train derailment - via instagram user squintysabre <URL>
2013-12-01,aerial photo of the train derailment ( via <USR> ) #metronorth <URL>
2013-12-01,"officials confirm major train derailment in bronx , ny . metro north train , multiple injuries reported . stay with <USR> for updates ."
2013-12-01,"update : a photo of a nyc train derailment taken by a witness shows 8 cars derailed , with none in the water : <URL> ‚Ä¶"
2013-12-01,aerial photo of the train derailment ( via <USR> ) #metronorth <URL>
2013-12-01,"train derailment in the bronx , new york . looks like some carriages are in the river . video by <USR> https://t.co/bwmxfdgqgn"
2013-12-01,"new york city train derailment : witness quoted by <USR> says some carriages in water , but unclear from pictures <URL>"
2013-12-01,"rt <USR> : at least 2 people have died in train derailment in bronx , a new york city police source tells cnn . <URL>"
2013-12-01,thought are with those involved in the new york metro derailment . too much tragedy this weekend !
2013-12-01,holy shit rt <USR> : pictures of metro north train derailment : <URL> <URL> <URL>
2013-12-01,at least 2 have died in train derailment in the bronx . #metronorth ( via <USR> )
2013-12-01,<USR> <USR> : unknown number of injuries in new york city train derailment near metro - north spuyten duyvil station in the bronx
2013-12-01,"new york ( ap ) - - fire department : ` multiple injuries ' in nyc passenger train derailment , severity unclear ."
2013-12-01,"breaking : fire department : "" multiple injuries "" in nyc passenger train derailment , severity unclear : <URL> - mm"
2013-12-01,"everyone enjoy your sunday roasts and have a lovely sunday , my prayers goes out to those hurt or killed in the train derailment in new york ."
2013-12-01,praying everyone on the metro north derailment is ok .
2013-12-01,metro north train derailment in the bronx was the 5:54am poughkeepsie to grand central . photo via <USR> : <URL>
2013-12-01,metro north car at water ‚Äô s edge after derailment . via <USR> <URL> <URL>
2013-12-01,aerial photo of the train derailment ( via <USR> ) #metronorth <URL>
2013-12-01,wow . ‚Äú <USR> : aerial picture metro north train derailment in bronx nyc . <USR> <URL>
2013-12-01,"breaking : fire department : "" multiple injuries "" in nyc passenger train derailment , severity unclear : <URL> - mm"
2013-12-01,"#update : new york train derailment occurred near spuyten duyvil station , next to the hudson river , fire dept says <URL>"
2013-12-01,"at least 3 killed , many injured in nyc train derailment - local media <URL>"
2013-12-01,"mta is saying "" possible fatalities "" in the metro north derailment . no confirmation yet on number"
2013-12-01,"at least 3 killed , many injured in nyc train derailment - local media <URL>"
2013-12-01,praying for those caught in the metro north derailment in the bronx this morning . . . smh . Ûæçõ #lawsuit ! !
2013-12-01,"mta is saying "" possible fatalities "" in the metro north derailment . no confirmation yet on number"
2013-12-01,"at least 4 people dead and dozens hurt in new york city train derailment , say us media <URL>"
2013-12-01,"rt <USR> : at least 2 people have died in train derailment in bronx , a new york city police source tells cnn . <URL>"
2013-12-01,"update : four dead , two were ejected from train in <USR> nyc derailment . <URL> many others injured ."
2013-12-01,"at least 2 people have died in train derailment in bronx , a new york city police source tells cnn . <URL>"
2013-12-01,"at least 4 people dead and dozens hurt in new york city train derailment , say us media <URL>"
2013-12-01,wabc - tv : fdny confirms that there are fatalities in metro north derailment . other news outlets reporting 4 deaths .
2013-12-01,"cnn producer jon auerbach at scene : at least 4 killed , 40 injured in bronx train derailment . #metronorth"
2013-12-01,"at least 4 people dead and dozens hurt in new york city train derailment , say us media <URL>"
2013-12-01,"update : at least 3 killed , many injured in nyc train derailment - local media <URL>"
2013-12-01,"at least 4 people dead and dozens hurt in new york city train derailment , say us media <URL>"
2013-12-01,"multiple injuries in nyc passenger train derailment , severity unclear , fire department confirms - <USR> <URL> #sp4zee"
2013-12-01,"numerous serious injuries at the metro - north train derailment , fdny spokesman says - <USR> ; more : <URL>"
2013-12-01,feel terrible re metro north derailment . rode same line in sept . safety record in the past year is thought - provoking . usually great service .
2013-12-01,"fdny : ' multiple injuries ' in pok - to - nyc train derailment , alternate route provided <URL>"
2013-12-01,amtrak : service between boston / washington is not affected by metro - north derailment ; service held between nyc and albany .
2013-12-01,""" <USR> : update : at least 4 dead , 40 + injured in metro north train derailment this morning . #prayers "" i ' m sooo sad ;-("
2013-12-01,"metro - north bronx derailment : fdny says multiple injuries , 130 firefighters on scene . ( photo : ap photo / edwin valero ) <URL>"
2013-12-01,‚Äú <USR> : amtrak empire service disrupted btw nyc and albany due to deadly bronx train derailment . <URL>
2013-12-01,"breaking : at least 4 dead , 48 injured in nyc train derailment <URL> <URL>"
2013-12-01,"breaking : at least 4 dead , 48 injured in nyc train derailment <URL> <URL>"
2013-12-01,"breaking : at least 4 dead , 48 injured in nyc train derailment <URL> <URL>"
2013-12-01,photo of metro north derailment shows how big a deal this is - - and how dangerously close to water this emergency is : http :/ ‚Ä¶
2013-12-01,"#breaking : four dead , over 20 injured in new york train derailment : us media"
2013-12-01,mt <USR> : metro north train derailment was the 5:54am poughkeepsie to grand central . photo via <USR> : <URL>
2013-12-01,live feed link for metro north derailment in bronx <URL>
2013-12-01,": at least 4 dead , 48 injured in nyc train derailment <URL> <URL>"
2013-12-01,"#breaking news : officials confirm 4 dead , 67 injured in metro - north derailment in the bronx <URL>"
2013-12-01,fdny : ' multiple injuries ' in nyc train derailment : fire department : ' multiple injuries ' in nyc passenger train . . . <URL>
2013-12-01,<USR> train derailment in nyc
2013-12-01,developing : fatalities reported after nyc commuter train derailment <URL> <URL>
2013-12-01,"rt <USR> : #breaking news : officials confirm 4 dead , 67 injured in metro - north derailment in the bronx <URL>"
2013-12-01,‚Äú <USR> : developing : fatalities reported after nyc commuter train derailment <URL> <URL>
2013-12-01,""" at least 2 people have died in train derailment in bronx , a new york city police source tells cnn . "" via <USR>"
2013-12-01,new york train crash : continuing coverage of metro - north derailment in bronx - <URL> <URL>
2013-12-01,fdny : ' multiple injuries ' in nyc train derailment : fire department : ' multiple injuries ' in nyc passenger train . . . <URL>
2013-12-01,"fdny : ' multiple injuries ' in nyc train derailment : fire department : ' multiple injuries ' in nyc passenger train derailment , severity u . . ."
2013-12-01,"derailment horror : four dead , 20 injured after five metro - north cars jump tracks in bronx on manh . . . <URL> #nydailynews"
2013-12-01,new york train crash : continuing coverage of metro - north derailment in bronx - <URL> <URL>
2013-12-01,‚Äú <USR> : new york train crash : continuing coverage of metro - north derailment in bronx - <URL> <URL>
2013-12-01,new york train crash : continuing coverage of metro - north derailment in bronx - <URL> <URL>
2013-12-01,live video : local news coverage of new york city metro - north train derailment - <USR> <URL>
2013-12-01,at least four dead and 63 injured in new york commuter train derailment : fire department ( reuters ) . more soon . #metronorth #ne ‚Ä¶
2013-12-01,"at least 4 people dead and dozens hurt in new york city train derailment , say us media <URL>"
2013-12-01,wow ! ‚Äú <USR> : developing : fatalities reported after nyc commuter train derailment <URL> <URL>
2013-12-01,"#breaking news : at least 4 dead and 40 injured after a train derailment in bronx , new york <URL> <URL>"
2013-12-01,"at least 4 people killed , 63 injured in new york commuter train derailment , fire department says - <USR>"
2013-12-01,"#breaking officials : 4 dead , 67 injured in nyc train derailment <URL>"
2013-12-01,"at least 4 people killed , 63 injured in new york commuter train derailment , fire department says - <USR>"
2013-12-01,new york train crash : continuing coverage of metro - north derailment in bronx - <URL> <URL>
2013-12-01,wabc - tv now reports 4 killed in nyc train derailment . updates on #abc11 as we get more information this am <URL>
2013-12-01,new york train crash : continuing coverage of metro - north derailment in bronx - <URL> <URL>
2013-12-01,#sadnews #breaking : fatalities reported after new york city train derailment . <USR>
2013-12-01,my prayers are with all those affected by today ' s tragic train derailment in new york .
2013-12-01,new york train crash : continuing coverage of metro - north derailment in bronx - <URL> <URL>
2013-12-01,photos : deadly nyc train derailment <URL>
2013-12-01,"update on nyc commuter train derailment : 4 dead injured : 11 critical , 6 serious , 46 minor"
2013-12-01,"sr . fdny official tells nbc news : toll is now 4 dead , 67 injured ( 11 critically ) in nyc passenger train derailment http ‚Ä¶"
2013-12-01,my prayers are with all those affected by today ' s tragic train derailment in new york .
2013-12-01,"update on nyc commuter train derailment : 4 dead injured : 11 critical , 6 serious , 46 minor"
2013-12-01,"that ' s one of my worst fears , train derailment #nyc #metronorth üòî"
2013-12-01,"#breaking officials : 4 dead , 67 injured in nyc train derailment <URL>"
2013-12-01,developing : fatalities reported after nyc commuter train derailment <URL> <URL>
2013-12-01,pics of metro north derailment . reports now saying four dead . <URL>
2013-12-01,"update : #nyc train derailment : at least 4 dead , 48 injured in bronx , ny . sending 4 cars close to the hudson river . http ‚Ä¶"
2013-12-01,ntsb is sending go - team to ny to investigate the metro north train derailment . more information to come .
2013-12-01,rt <USR> <USR> another photo of metro north train derailment <URL>
2013-12-01,official : multiple deaths in nyc #metronorth train derailment - <URL>
2013-12-01,damn . my prayers go out to the people who were injured and the people who died in the metro - north train derailment . .
2013-12-01,my thoughts and prayers go out to those in the nyc train derailment .
2013-12-01,sad rt <USR> : developing : fatalities reported after nyc commuter train derailment <URL> <URL>
2013-12-01,wow . ‚Äú <USR> : aerial picture metro north train derailment in bronx nyc . <USR> <URL>
2013-12-01,"breaking news : major train derailment in nyc - 4 dead , 60 + injured ."
2013-12-01,"#breakingnews update : officials confirm 4 dead , 67 injured in metro north derailment <URL>"
2013-12-01,"#breaking : 4 dead , more than 60 injured in nyc train derailment <URL>"
2013-12-01,"4 dead , more than 40 injured in metro north train derailment this morning . #mta"
2013-12-01,"breaking : n . y . gov . cuomo says 4 people dead , 63 injured in metro - north train derailment in the bronx ."
2013-12-01,4 dead in metro - north train derailment in the bronx : a fire department official said dozens more passengers we . . . <URL>
2013-12-01,ntsb is sending go - team to ny to investigate the metro north train derailment . <URL>
2013-12-01,"breaking : mta spokeswoman says nyc train derailment has caused multiple fatalities , dozens of injuries ."
2013-12-01,"breaking : n . y . gov . cuomo says 4 people dead , 63 injured in metro - north train derailment in the bronx ."
2013-12-01,4 dead in metro - north train derailment in the bronx - <URL>
2013-12-01,"‚Äú <USR> : breaking : n . y . gov . cuomo says 4 people dead , 63 injured in metro - north train derailment in the bronx . ‚Äù <USR>"
2013-12-01,"gov . cuomo on metro - north derailment in the bronx : 4 dead , 63 injured , 11 critically injured ."
2013-12-01,rescue workers search for survivors in new york train derailment <URL> <URL>
2013-12-01,view of metro north derailment from henry hudson bridge . via wabc - tv . live feed : <URL> <URL>
2013-12-01,"> > > at least 4 dead , dozens injured in nyc train derailment <URL>"
2013-12-01,"more : n . y . gov . cuomo says 4 people dead , 63 injured in metro - north train derailment in the bronx : <URL> - mm"
2013-12-01,prayers for those who were involved in the metro north derailment üôè
2013-12-01,"‚Äú <USR> : 4 dead , 63 hurt after metro - north train derailment in bronx , according to ny gov . cuomo <URL>"
2013-12-01,latest metro - north derailment left four dead and 50 + injured . thoughts to their families ! i ride the train every day . <URL>
2013-12-01,"4 dead , 63 hurt after metro - north train derailment in bronx , according to ny gov . cuomo <URL>"
2013-12-01,"nyc mayor bloomberg not present at first post - derailment news conference . <USR> cuomo , nypd pc kelly were ."
2013-12-01,"live pictures of the #train derailment at #spuytenduvil in the #bronx , new york . watch : <URL>"
2013-12-01,<USR> just curious . has cnn managed to screw up any of the major facts of the bronx metro north derailment ? they do that well .
2013-12-01,there was a metro north derailment at 7 am and i have never been more thankful for sleeping in than i just was .
2013-12-01,more photos of nyc metro north train derailment : <URL> <URL>
2013-12-01,national transportation safety board deploying team to new york to investigate metro - north train derailment - <USR>
2013-12-01,more photos of nyc metro north train derailment : <URL> <URL>
2013-12-01,it anybody is taking amtrak back to plattsburgh find other means . it isn ' t running between nyc and albany . due to a train derailment .
2013-12-01,latest news : 4 dead in metro - north train derailment in the bronx : a fire department official said dozens more . . . <URL>
2013-12-01,<USR> i hear metro north and derailment and i start ( with no statistical justification ) worrying about you . hoping my worry is pointless .
2013-12-01,"4 dead , 63 hurt after metro - north train derailment in bronx , according to ny gov . cuomo <URL>"
2013-12-01,thoughts to all of those killed and injured in the train derailment in new york city
2013-12-01,more photos of nyc metro north train derailment : <URL> <URL>
2013-12-01,and now so sad to hear of the metro north derailment this morning . #praying
2013-12-01,"#abc governor : 4 dead , 63 hurt in nyc train derailment : ny gov . cuomo : 4 people dead , 63 injured in metro - north train derailment in t . . ."
2013-12-01,new york train crash : your photos of #metronorth derailment in bronx <URL> <URL>
2013-12-01,"#update : four dead , 67 injured in new york train derailment : fire dept ."
2013-12-01,"latest on nyc train derailment : 4 dead , 63 injured , 11 critically . full story : <URL> <URL>"
2013-12-01,nyc derailment : <USR> confirms <USR> operator is alive but injured . <USR> <USR> <USR>
2013-12-01,"governor : 4 dead , 63 hurt in nyc train derailment <URL> #news"
2013-12-01,"new york train crash : of 63 people hurt , 11 critical after metro - north derailment in bronx - fire department <URL>"
2013-12-01,"they would if it were #redeye . rt <USR> : no , <USR> , please return to nyc derailment coverage . <USR>"
2013-12-01,"breaking : mta spokeswoman says nyc train derailment has caused multiple fatalities , dozens of injuries ."
2013-12-01,at least four dead and 60 injured in nyc train derailment <URL>
2013-12-01,via <USR> : multiple deaths in nyc train derailment <URL> #toppicks
2013-12-01,photos of the metro - north train derailment : <URL> ( photo credit : ray martin via <USR> ) http :// t ‚Ä¶
2013-12-01,deaths and injures in metro - north train derailment - new york news <URL>
2013-12-01,‚Äú <USR> : let us pray for those killed and injured in the terrible metro north train derailment this morning in the bronx . ‚Äù
2013-12-01,thoughts with all affected by train derailment in the bronx . #nyctrain #metronorth rpg
2013-12-01,pictures of metro north train derailment : <URL> <URL> <URL>
2013-12-01,"update : #nyc train derailment : at least 4 dead , 48 injured in bronx , ny . sending 4 cars close to the hudson river . http ‚Ä¶"
2013-12-01,"more : n . y . gov . cuomo says 4 people dead , 63 injured in metro - north train derailment in the bronx : <URL> - mm"
2013-12-01,official : multiple deaths in nyc train derailment <URL>
2013-12-01,people seeking information about family members involved in bronx train derailment should contact metro north at ( 718 ) 81 ‚Ä¶
2013-12-01,"‚Äú <USR> : latest on nyc train derailment : 4 dead , 63 injured , 11 critically . full story : <URL> <URL>"
2013-12-01,news dot clair wyant dot com live stream : wcbs metro - north train derailment coverage . <URL>
2013-12-01,"four dead , dozens injured in nyc train derailment - kptv - fox 12 <URL>"
2013-12-01,too much is going on this morning . metro north derailment in nyc . <URL>
2013-12-01,video report : four killed in metro - north train derailment <URL>
2013-12-01,"latest on nyc train derailment : 4 dead , 63 injured , 11 critically . full story : <URL> <URL>"
2013-12-01,"latest on nyc train derailment : 4 dead , 63 injured , 11 critically . full story : <URL> <URL>"
2013-12-01,"in my old ' hood . . . . rt <USR> photos , video show aftermath of horrific nyc train derailment <URL>"
2013-12-01,re : metro north derailment : jfk hs at 99 terrace view ave / bronx has been established as family ctr . family members seeking ‚Ä¶
2013-12-01,"latest on nyc train derailment : 4 dead , 63 injured , 11 critically . full story : <URL> <URL>"
2013-12-01,our condolences go out the friends and family of those killed in the metro - north train derailment in the bronx this morni ‚Ä¶
2013-12-01,"latest on nyc train derailment : 4 dead , 63 injured , 11 critically . full story : <URL> <URL>"
2013-12-01,"4 dead , 63 hurt after metro - north train derailment in bronx , according to ny gov . cuomo <URL>"
2013-12-01,"latest on nyc train derailment : 4 dead , 63 injured , 11 critically . full story : <URL> <URL>"
2013-12-01,commuter train derailment kills 4 in nyc - usa today <URL>
2013-12-01,thoughts with all those involved in today ' s new york train derailment . <URL>
2013-12-01,""" let ' s all say a prayer for the people we lost this morning . "" <USR> , at metro - north train derailment . <URL> #lohud"
2013-12-01,"new york train derailment kills at least 4 , injures dozens <URL> #google #news"
2013-12-01,peace to the families of the metro - north derailment this morning . i rode that train home every day for years . <URL>
2013-12-01,"<URL> new york train derailment kills at least 4 , injures dozens <URL>"
2013-12-01,gov . cuomo / mta keeps saying call 311 for people missing after train derailment but if you are outside nyc you have to ca ‚Ä¶
2013-12-01,"four dead in nyc metro - north train derailment , 63 injured <URL>"
2013-12-01,"new york train derailment kills at least 4 , injures dozens - at least 4 people were killed and 60 injured after a . . . <URL>"
2013-12-01,more photos of nyc metro north train derailment : <URL> <URL>
2013-12-01,"governor : 4 dead , 63 hurt in nyc train derailment <URL>"
2013-12-01,"<USR> students : were any of you affected by the train derailment in nyc today ? if so , email us at news@dailyorange.com ."
2013-12-01,more photos of nyc metro north train derailment : <URL> <URL>
2013-12-01,‚Äú <USR> : new york train crash : continuing coverage of metro - north derailment in bronx - <URL> <URL>
2013-12-01,"nyc train derailment leaves 4 dead , dozens injured <URL>"
2013-12-01,it ' s the first fatal train derailment in metro north ' s history . 3 men & 1 woman were killed . an nypd officer is among injured .
2013-12-01,"awful news rt <USR> : breaking : fdny confirms four people killed , 63 injured in metro - north derailment"
2013-12-01,"latest on nyc train derailment : 4 dead , 63 injured , 11 critically . full story : <URL> <URL>"
2013-12-01,<USR> on their way to investigate fatal nyc train derailment . read more <URL>
2013-12-01,travel nightmare in nyc as a result of the derailment .
2013-12-01,patients being transported on stretchers from the metro - north train derailment in the bronx ( credit : rita deutsch ) <URL>
2013-12-01,"new york train derailment leaves 4 dead , 63 hurt <URL>"
2013-12-01,"governor : 4 dead , 63 hurt in nyc train derailment <URL>"
2013-12-01,"latest on nyc train derailment : 4 dead , 63 injured , 11 critically . full story : <URL> <URL>"
2013-12-01,our condolences go out the friends and family of those killed in the metro - north train derailment in the bronx this morni ‚Ä¶
2013-12-01,there was a moment of silence here at metlife stadium for those impacted by today ' s metro - north train derailment . #lohud
2013-12-01,fdny : ' multiple injuries ' in nyc train derailment <URL>
2013-12-01,"latest on nyc train derailment : 4 dead , 63 injured , 11 critically . full story : <URL> <URL>"
2013-12-01,"witness describes aftermath of metro - north train derailment that left 4 dead , 67 injured , in the bronx <URL>"
2013-12-01,"[ <URL> nyc train derailment kills 4 , hurts more than 60 <URL>"
2013-12-01,metro - north derailment in the bronx will not affect the new haven line . hudson line service is suspended indefinitely h ‚Ä¶
2013-12-01,sunday ' s fatal derailment is the first in #metronorth history . get the latest updates here : <URL> #lohud #spuyt ‚Ä¶
2013-12-01,latest on the nyc passenger train derailment <URL>
2013-12-01,developing : fatalities reported after nyc commuter train derailment <URL> <URL>
2013-12-01,grieving for the families who lost loved ones on the metro north derailment this morning . my prayers are with you during your time of lost .
2013-12-01,"photos from the scene of the metro - north train derailment . 4 have died , 63 were injured . <URL>"
2013-12-01,"latest on nyc train derailment : 4 dead , 63 injured , 11 critically . full story : <URL> <URL>"
2013-12-01,press release announcing ntsb investigation into #metronorth derailment . <URL>
2013-12-01,"latest on nyc train derailment : 4 dead , 63 injured , 11 critically . full story : <URL> <URL>"
2013-12-01,metro north derailment . . . how horrible . it ' s metro north ' s second derailment this year .
2013-12-01,: <USR> : photos of nyc metro north train derailment : <URL> <URL>
2013-12-01,new york train crash : four dead and dozens injured in derailment <URL>
2013-12-01,#googlenews four dead in metro - north train derailment in the bronx - ndtv <URL>
2013-12-01,metro north derailment videos <URL>
2013-12-01,four dead and 63 injured in new york passenger train derailment <URL> via <USR>
2013-12-01,sen . blumenthal has called on federal officials to conduct expedited investigation of fatal metro - north derailment . http :// t . ‚Ä¶
2013-12-01,ntsb to hold 4:30 p presser on deadly train derailment in new york .
2013-12-01,prayers go out to those effected by the metro - north train derailment in bronx üôè
2013-12-01,mercy college running shuttles in response to metro - north train derailment . click here for more https://t.co/9mxdhnqngt
2013-12-01,bbc news - new york train crash : metro - north derailment in bronx <URL>
2013-12-01,ntsb scheduled to speak to the media at 4:30 about #metronorth #derailment
2013-12-01,"4 dead in metro - north train derailment in the bronx , via <USR> - holy shit i used to take this train <URL>"
2013-12-01,amtrak service has been re - suspended btw albany and nyc . our thoughts go to victims of derailment and first responders .
2013-12-01,. <USR> will be calling in to <USR> at 3:25pm to talk about the metro north train derailment
2013-12-01,"4 dead in nyc metro - north train derailment , 63 injured : <URL>"
2013-12-01,"latest on nyc train derailment : 4 dead , 63 injured , 11 critically . full story : <URL> <URL>"
2013-12-01,"latest on nyc train derailment : 4 dead , 63 injured , 11 critically . full story : <URL> <URL>"
2013-12-01,wabc has had the best pictures and coverage of the nyc train derailment . live stream here : <URL>
2013-12-01,newsday : family center established for nyc train derailment <URL> #nyc
2013-12-01,rt ‚Äú <USR> : deadly train derailment latest in string of problems for metro - north this year <URL> ‚Äù
2013-12-01,nyc train derailment kills 4 more than 60 injured <URL> <URL>
2013-12-01,"4 dead , 63 hurt in nyc train derailment <URL>"
2013-12-01,4:30 <USR> news conference on #metronorth train derailment . watch it live on ewn . <USR>
2013-12-01,amtrak restores service between nyc and albany after fatal derailment ; delays expected <URL> #business
2013-12-01,"latest on nyc train derailment : 4 dead , 63 injured , 11 critically . full story : <URL> <URL>"
2013-12-01,live <USR> news conference on #metronorth derailment here : <URL> via <USR>
2013-12-01,"at least four dead , 67 injured in new york train derailment : new york , dec . 1 ( upi ) - - four people were kill . . . <URL>"
2013-12-01,prayers to those affected by the #metronorth derailment .
2013-12-01,four dead and 63 injured in new york passenger train derailment : <URL>
2013-12-01,"four dead , more than 60 injured in metro - north train derailment : four people are dead and dozens are injured . . . <URL>"
2013-12-01,"nyc train derailment kills 4 , hurts more than 60 : new york ( ap ) ‚Äî a new york city commuter train rounding a ri . . . <URL>"
2013-12-01,breaking news : new york : multiple injuries reported in metro derailment <URL>
2013-12-01,"new york train derailment kills four , injures 63 <URL> via <USR>"
2013-12-01,four dead and 63 injured in new york passenger train derailment : obama briefed as fire department of new york . . . <URL>
2013-12-01,killed and injured in train derailment accident in new york : <URL> via <USR>
2013-12-01,"officials investigating deadly <USR> train derailment that killed at least 4 in #nyc , reports <USR> <URL>"
2013-12-01,"nyc train derailment kills 4 , hurts more than 60 <URL>"
2013-12-01,". <USR> is read to ban salt , sugar , & styrofoam cups , but he ' s mia on the nyc train derailment that requires real leadership ."
2013-12-01,"nyc train derailment leaves 4 dead , dozens injured <URL> v√≠a <USR>"
2013-12-01,ap video : nyc passenger train derailment kills 4 : <URL> - rjj
2013-12-01,ap video : nyc passenger train derailment kills 4 : <URL> - rjj
2013-12-01,"new york train derailment kills four , injures 63 <URL> via <USR>"
2013-12-01,andrew cuomo announces probe into new york train derailment <URL>
2013-12-01,"nyc train derailment kills 4 , injures over 60 <URL> #youtube #video"
2013-12-01,new york train derailment : safety officials recover ' black box ' - los angeles times <URL>
2013-12-01,breaking : police say a metro - north passenger train has derailed in new york city ; some cars in water .
2013-12-01,breaking : police say a metro - north passenger train has derailed in new york city ; some cars in water .
2013-12-01,police : a metro - north passenger train has derailed in new york city ; some cars in water - <USR> #breaking
2013-12-01,breaking : police say a metro - north passenger train has derailed in new york city ; some cars in water .
2013-12-01,metro - north passenger train has derailed in new york city ; some cars in water : ap
2013-12-01,police say a metro - north passenger train has derailed in new york city ; some cars in water - <USR>
2013-12-01,breaking : police say a metro - north passenger train has derailed in new york city ; some cars in water .
2013-12-01,"a metro - north passenger train has derailed in new york city , and a number of injuries are reported <URL>"
2013-12-01,"a metro - north passenger train has derailed in new york city , and a number of injuries are reported <URL>"
2013-12-01,train derailed in new york ! hope everyone ' s ok üëè
2013-12-01,"train crash in new york , helicopter crash in glasgow , paul walker has died . . . this really is an awful week !"
2013-12-01,breaking : police say a metro - north passenger train has derailed in new york city ; some cars in water .
2013-12-01,police say a metro - north passenger train has derailed in new york city ; some cars in water - <USR>
2013-12-01,train na naman ! ! - - > ‚Äú <USR> : police say a metro - north passenger train has derailed in new york city ; some cars in water | via <USR> ‚Äù
2013-12-01,"now a train has derailed in new york . . . what is happening to this world ? ! ,"
2013-12-01,metro - north passenger train has derailed in new york city ; some cars in water : ap
2013-12-01,metro - north passenger train has derailed in new york city ; some cars in water : ap
2013-12-01,""" <USR> : developing : passenger train derailed in new york , carriage in the water : <URL> fucking trevor . #gta"
2013-12-01,"update : a photo of a nyc train derailment taken by a witness shows 8 cars derailed , with none in the water : <URL> ‚Ä¶"
2013-12-01,latest : a passenger train has derailed in new york . multiple injuries reported . ( photo : <USR> ) <URL>
2013-12-01,ap : police say a metro - north passenger train has derailed in new york city
2013-12-01,train derails in new york city : police confirm that a metro - north passenger train has derailed in the bronx to . . . http ‚Ä¶
2013-12-01,breaking : a metro - north passenger train has derailed in new york city . <URL>
2013-12-01,breaking : police say a metro - north passenger train has derailed in new york city ; some cars in water .
2013-12-01,breaking : a metro - north passenger train has derailed in new york city . <URL>
2013-12-01,"a metro - north passenger train has derailed in new york city , and a number of injuries are reported <URL>"
2013-12-01,ap : police say a metro - north passenger train has derailed in new york city
2013-12-01,breaking : a metro - north passenger train has derailed in new york city . <URL>
2013-12-01,"sources : at least 40 people injured : a metro - north train derailed sunday morning in the bronx , the new york fi . . . <URL>"
2013-12-01,four died when a commuter train derailed in new york city . <URL>
2013-12-01,breaking : four died when a commuter train derailed in new york city . <URL>
2013-12-01,"sources : at least 40 people injured : a metro - north train derailed sunday morning in the bronx , the new york fi . . . <URL>"
2013-12-01,developing : at least 4 dead in metro - north train crash in the bronx <URL>
2013-12-01,new york train crash : continuing coverage of metro - north derailment in bronx - <URL> <URL>
2013-12-01,*graphic* new york train crash footage : <URL> via <USR>
2013-12-01,new york train crash : continuing coverage of metro - north derailment in bronx - <URL> <URL>
2013-12-01,at least 4 dead after ny commuter train derails in bronx : a commuter rail line derailed in new york city early . . . <URL>
2013-12-01,‚Äú <USR> : new york train crash : continuing coverage of metro - north derailment in bronx - <URL> <URL>
2013-12-01,new york train crash : continuing coverage of metro - north derailment in bronx - <URL> <URL>
2013-12-01,new york train crash : continuing coverage of metro - north derailment in bronx - <URL> <URL>
2013-12-01,photo : aerial shot of metro - north passenger train that derailed in nyc . <URL> #abc15 <URL>
2013-12-01,new york train crash : continuing coverage of metro - north derailment in bronx - <URL> <URL>
2013-12-01,smh rip to the people who died in the metro north crash this morning wow . .
2013-12-01,new york train crash : continuing coverage of metro - north derailment in bronx - <URL> <URL>
2013-12-01,‚Äú <USR> : footage from scene of metro - north train crash in bronx area of new york <URL> awful
2013-12-01,praying for those individuals and families involved in the terrible metro north train crash this morning about 20 min from grand central
2013-12-01,""" <USR> : scene of derailed train in #nyc <URL>"
2013-12-01,"at least four people confirmed dead - 63 injured - in the metro - north train crash , new york fire department says http :// t . ‚Ä¶"
2013-12-01,"at least four people confirmed dead - 63 injured - in the metro - north train crash , new york fire department says http :// t . ‚Ä¶"
2013-12-01,"update : - nyc commuter train derailed at 7:20 a.m. near spuyten duyvil . - 4 dead , 40 + injured - search ongoing - gov . ‚Ä¶"
2013-12-01,"at least four people confirmed dead - 63 injured - in the metro - north train crash , new york fire department says http :// t . ‚Ä¶"
2013-12-01,horrible train crash in #newyork <URL> <USR> #fox26forlife
2013-12-01,"at least four people confirmed dead - 63 injured - in the metro - north train crash , new york fire department says http :// t . ‚Ä¶"
2013-12-01,"at least four people confirmed dead - 63 injured - in the metro - north train crash , new york fire department says http :// t . ‚Ä¶"
2013-12-01,"at least four people confirmed dead - 63 injured - in the metro - north train crash , new york fire department says http :// t . ‚Ä¶"
2013-12-01,omg . ‚Äú <USR> : breaking : a metro - north passenger train has derailed in new york city . <URL>
2013-12-01,"at least four people confirmed dead - 63 injured - in the metro - north train crash , new york fire department says http :// t . ‚Ä¶"
2013-12-01,"at least four people confirmed dead - 63 injured - in the metro - north train crash , new york fire department says http :// t . ‚Ä¶"
2013-12-01,"breaking news - 4 confirmed dead , dozens injured after a train derailed in nyc . <USR>"
2013-12-01,new york train crash : your photos of #metronorth derailment in bronx <URL> <URL>
2013-12-01,latest : a passenger train has derailed in new york . multiple injuries reported . ( photo : <USR> ) <URL>
2013-12-01,"at least 4 people have died , and 60 more are injured after a metro north passenger train derailed in new york city <URL>"
2013-12-01,"new york train crash : of 63 people hurt , 11 critical after metro - north derailment in bronx - fire department <URL>"
2013-12-01,at least four people were killed and 63 injured when a suburban train derailed in new york . <URL>
2013-12-01,"passenger train derails in nyc , killing 4 : a passenger trail derailed in the bronx early sund . . . <URL> via <USR> . com"
2013-12-01,breaking : a metro - north passenger train has derailed in new york city . <URL>
2013-12-01,"for info on family members involved in metro north crash call , (718) 817-7444"
2013-12-01,"4 dead , 63 injured and 11 critically injured from the bronx metro - north crash . prayers go out to everyone aboard and their ‚Ä¶"
2013-12-01,god bless those injured and r . i . p . to those who have passed on the metro north train crash this morning .
2013-12-01,new york train crash kills four : four people have been killed and 63 injured in a passenger train crash in the . . . <URL>
2013-12-01,my heart goes out to everyone who was on the derailed train in new york this morning .
2013-12-01,"wreckage and rescue : pictures of #metronorth train crash in bronx , new york <URL> <URL>"
2013-12-01,"wreckage and rescue : pictures of #metronorth train crash in bronx , new york <URL> <URL>"
2013-12-01,"wreckage and rescue : pictures of metronorth train crash in #bronx , #newyork <URL> <URL>"
2013-12-01,"wreckage and rescue : pictures of #metronorth train crash in bronx , new york <URL> <URL>"
2013-12-01,"wreckage and rescue : pictures of #metronorth train crash in bronx , new york <URL> <URL>"
2013-12-01,"at least four people confirmed dead - 63 injured - in the metro - north train crash , new york fire department says http :// t . ‚Ä¶"
2013-12-01,family of passengers who were on derailed metro - north train in the bronx call 311 for info or 212 - new - york from outside nyc .
2013-12-01,"governor : 4 dead , 63 hurt in nyc crash : new york ( ap ) ? a metro - north passenger train derailed on a curved sec . . . <URL>"
2013-12-01,developing : at least 4 dead in metro - north train crash in the bronx <URL>
2013-12-01,‚Äú <USR> : new york train crash : continuing coverage of metro - north derailment in bronx - <URL> <URL>
2013-12-01,"at least four people confirmed dead - 63 injured - in the metro - north train crash , new york fire department says http :// t . ‚Ä¶"
2013-12-01,metro - north crash : outer tracks completely destroyed . per nbc
2013-12-01,"a new york commuter train derailed in the bronx this morning , killing at least four and injuring 63 : <URL>"
2013-12-01,"today ' s brought so much bad news , rip paul walker , the victims of the helicopter crash nd the victims of the train crash in new york ‚ù§Ô∏è ‚ù§Ô∏è"
2013-12-01,‚Äú <USR> : rip to the 4 killed in the new york train crash also ‚Äù üëå
2013-12-01,sad weekend helicopter crash #glasgow train crash #newyork celebrity car crash #california #happensin3s #nomore pleas ‚Ä¶
2013-12-01,"4 killed , over 60 injured as commuter train derails in new york : a passenger train has derailed on a curved se . . . <URL>"
2013-12-01,new york train crash : four dead and dozens injured in derailment <URL>
2013-12-01,just hearing about paul walkers death . . . wow . he would die in a car crash . and another metro north train derailed . #2012 + 1
2013-12-01,crash adds to metro - north woes <URL>
2013-12-01,bbc news - new york train crash : metro - north derailment in bronx <URL>
2013-12-01,new post : derailed new york train was traveling in area with 30 mph speed limit - los angeles times <URL>
2013-12-01,breaking : a metro - north passenger train has derailed in new york city . <URL>
2013-12-01,pray for those lost in todays train crash in nyc . blessings to those who made it safe . .
2013-12-01,watch live : ntsb press conference on derailed new york passenger train ( livestream ) <URL>
2013-12-01,"live video : ntsb officials talk about the train that derailed in new york , killing at least 4 - <USR> <URL>"
2013-12-01,a train derailed in new york killing 4 and injuring dozens of people . : <URL>
2013-12-01,now : ntsb officials discuss the deadly train crash in the bronx - ( live ) <URL> #metronorth <URL>
2013-12-01,"rip to all the people involved in the helicopter crash in glasgow , the train crash in new york , and paul walker and roger rodas such ashame"
2013-12-01,jim lovell of cold spring id ‚Äô ed as one of metro north crash victims <URL>
2013-12-01,officials : speed factor in walker ' s crash death : by the associated press a metro - north train derailed sunday a . . . <URL>
2013-12-10,nyc train derailment airs queries about the use or not of railway #engineering safety technology <URL>
2013-12-02,fdny hard at work after today ' s train derailment in nyc . everyone is in our thoughts & prayers ! <URL>
2013-12-02,"photos : new york city train derailment kills 4 , injures dozens <URL> <URL>"
2013-12-02,"stories from the er , those injured during metro north derailment , at 6 <URL>"
2013-12-02,sending love & healing vibes to all affected by today ' s metro - north train derailment in the bronx . . . ‚ù§Ô∏è ‚ù§Ô∏è ‚ù§Ô∏è
2013-12-02,rob astorino : one of the four people who were killed in sunday ' s metro - north derailment was from westchester county . http :// t ‚Ä¶
2013-12-02,my prayers are with the people of new york affected by the deadly train derailment : <URL> via <USR> ‚Ä¶
2013-12-02,"ap photos : nyc train derailment kills at least 4 passengers , injures dozens : <URL> - rjj"
2013-12-02,sunday ‚Äô s deadly derailment of a metro - north train in nyc marks the second incident in eight months : <URL>
2013-12-02,obama offers prayers for victims of new york city train derailment <URL> via <USR>
2013-12-02,"new york derailment kills 4 , hurts dozens - cnn international - <URL>"
2013-12-02,"new york train derailment kills four , injures 63 <URL>"
2013-12-02,"new york train derailment kills four , injures 63 #preppersguide <URL>"
2013-12-02,"nyc train derailment kills 4 , hurts more than 60 <URL> [ ap #news ]"
2013-12-02,metro - north plans for morning commute after deadly derailment : <URL>
2013-12-02,"nyc train derailment kills 4 , hurts more than 60 : new york ( ap ) ‚Äî a new york city commuter train rounding a ri . . . <URL>"
2013-12-02,multiple injuries in new york city train derailment <URL> <USR> <URL>
2013-12-02,ntsb press briefing on metro north train derailment is available at : <URL>
2013-12-02,commuter train derailment kills 4 in nyc <URL> via <USR>
2013-12-02,"aerial view of the december 1, 2013 metro north train derailment in bronx , n . y . <URL>"
2013-12-02,derailment of a commuter train in the bronx kills 4 and injures dozens - new york times ‚Ä¶ <URL>
2013-12-02,"queens resident among 4 dead in metro - north derailment , via <USR> <URL>"
2013-12-02,"latest on nyc train derailment : 4 dead , 63 injured , 11 critically . full story : <URL> <URL>"
2013-12-02,"new york train derailment kills four , injures 63 <URL>"
2013-12-02,"nyc train derailment kills 4 , hurts more than 60 <URL>"
2013-12-02,"nyc train derailment kills 4 , hurts many : new york ( ap ) ? a new york city commuter train rounding a riverside . . . <URL>"
2013-12-02,"watch : nyc train derailment kills 4 , injures over 60 <URL> via thephilstar"
2013-12-02,sad : today audio technician on way to set up for rock tree lighting among dead in nyc train derailment <URL> via <USR>
2013-12-02,"nyc train derailment kills 4 , hurts more than 60 : questions raised about whether excessive speed or human erro . . . <URL>"
2013-12-02,thought ' s & prayers go out to people who were affected by the bronx train derailment in new york .
2013-12-02,investigators search for cause of fatal metro - north train derailment <URL>
2013-12-02,"nyc train derailment kills 4 , hurts more than 60 - ktiv news 4 sioux city ia . . . ktiv new york . . . <URL> #siouxcity #iowa"
2013-12-02,"azcentral : 4 killed , over 60 injured in nyc train derailment <URL>"
2013-12-02,"nyc train derailment kills 4 , hurts more than 60"
2013-12-02,an updated report from the metro - north train derailment . 4 dead . union official : train operator has 20 years on job . <URL>
2013-12-02,"one of the fatal victims in #nyc derailment was on his way to do work on rockefeller christmas tree , his friend says http : ‚Ä¶"
2013-12-02,"latest on nyc train derailment : 4 dead , 63 injured , 11 critically . full story : <URL> <URL>"
2013-12-02,man hailed as hero for helping passengers in metro - north derailment : the horror of the metro - north trai . . . <URL> #bronx
2013-12-02,rescue crews begin removing bodies from nyc train derailment | lihat video - omg ! indonesia <URL>
2013-12-02,[ the state ] nyc train derailment is latest woe for metro - north <URL>
2013-12-02,nyc train derailment is latest woe for metro - north - seattle post intelligencer : abc newsnyc train derailment . . . <URL>
2013-12-02,pics : deadly train derailment in new york . . . <URL>
2013-12-02,in pictures : nyc train derailment <URL>
2013-12-02,"latest on nyc train derailment : 4 dead , 63 injured , 11 critically . full story : <URL> <URL>"
2013-12-02,bbc news - new york train crash : metro - north derailment in bronx <URL>
2013-12-02,"train derailment travel update : mta recommends using harlem , new haven metro - north lines . read more : <URL>"
2013-12-02,city room : new york today : how derailment could affect your commute <URL>
2013-12-02,city room : new york today : how derailment could affect your commute <URL>
2013-12-02,"black box data recorder recovered , eyed after deadly metro - north derailment in new york : brad pitt ‚Äô s role in ‚Äú . . . <URL>"
2013-12-02,city room : new york today : how derailment could affect your commute <URL>
2013-12-02,city room : new york today : how derailment could affect your commute <URL>
2013-12-02,metro - north crash is reminder that human factor often to blame at speed : sunday morning ' s derailment . . . <URL> #buffalo
2013-12-02,developing : fatalities reported after nyc commuter train derailment <URL> <URL>
2013-12-02,city room : new york today : how derailment could affect your commute : your options if you take metro - north ‚Äô s hu . . . <URL>
2013-12-02,city room : new york today : how derailment could affect your commute : your options if you take metro - north ‚Äô s hu . . . <URL>
2013-12-02,"board member earl weener conducts morning interviews at the site of train derailment in bronx , n . y . #metronorth <URL>"
2013-12-02,. <USR> on <USR> discussing ongoing efforts to deal with metro north derailment <URL>
2013-12-02,here ' s how the train derailment will affect the morning commute into nyc <URL>
2013-12-02,"black box data recorder recovered , eyed after deadly metro - north derailment in new york <URL> via <USR>"
2013-12-02,"familia , here ' s an update on yesterday ' s devastating train derailment in nyc courtesy of <USR> <URL>"
2013-12-02,"welp "" <USR> : new york gov . andrew cuomo says speed could be a factor in metro - north train derailment . <URL>"
2013-12-02,new post : nyc train derailment survivor : ' i think this is going to be it . we ' re done ' <URL>
2013-12-02,"aerial view of the december 1, 2013 metro north train derailment in bronx , n . y . <URL>"
2013-12-02,investigators look for clues to fatal new york derailment : rail accident investigators in the us are continuin . . . <URL>
2013-12-02,metro - north derailment investigation underway via <USR> <URL>
2013-12-02,"ntsb to hold second media briefing on #metronorth derailment at 4 pm et today at hampton inn , 160 corporate blvd , yonkers , ny ."
2013-12-02,let us pray for those killed and injured in the terrible metro north train derailment this morning in the bronx .
2013-12-02,new york city ' s commuters face delays after deadly rail derailment - see on scoop . it - miscellaneous topics . . . <URL>
2013-12-02,"ntsb to hold second media briefing on #metronorth derailment at 4 pm et today at hampton inn , 160 corporate blvd , yonkers , ny ."
2013-12-02,mayor bloomberg didn ‚Äô t respond to the metro - north derailment because he was golfing in bermuda <URL>
2013-12-02,cbsnewyork : man hailed as hero for helping passengers in metro - north derailment <URL> #nyc
2013-12-02,a prayer service for victims of the metro - north train derailment will be held in riverdale at 6 p . m . today . <URL>
2013-12-02,#teamfollowback #siguemeytesigo bloomberg spotted golfing in bermuda during metro - north derailment . . . <URL>
2013-12-02,""" <USR> : nyc mayor michael bloomberg defends remaining on golf course after train derailment . <URL>"
2013-12-02,"blumenthal statement on metro - north train derailment in bronx , ny <URL>"
2013-12-02,ntsb says it is not clear if new york train derailment was due to human error or equipment malfunction - <USR> video http ‚Ä¶
2013-12-02,ntsb says it is not clear if new york train derailment was due to human error or equipment malfunction - <USR> video http ‚Ä¶
2013-12-02,new post : metro - north derailment puts spotlight on railroad ' s safety <URL>
2013-12-02,investigators recover black boxes in deadly metro - north train derailment
2013-12-02,ntsb : train going 82 mph approaching 30 mph zone in nyc derailment <URL>
2013-12-02,i am praying for those affected by the subway train derailment in nyc . ‚ô• my brother could have been on . . . <URL>
2013-12-02,new york city commuters warned of delays following derailment <URL>
2013-12-02,ntsb : metro - north engineer drove 82 mph in a 30 mph zone before fatal derailment <URL>
2013-12-02,new york train was traveling at twice the speed limit before deadly derailment : breaking news : investigators s . . . <URL>
2013-12-02,"metro - north train was speeding before derailment , investigators say <URL>"
2013-12-02,new york train travelled 8 2 mph into 3 0 mph curve before derailment : ‚Ä¢ investigators say it ' s too soon to tell i . . . <URL>
2013-12-02,rip to paul walker and rip to deaths in the metro north derailment
2013-12-02,friends and family remember the 4 new yorkers killed in sunday ' s horrific metro north train derailment <URL>
2013-12-02,"new york metro derailment : train was travelling at 82 mph as it entered 30 mph curve , investigators say : a com . . . <URL>"
2013-12-02,watch : ntsb and senator chuck schumer on the deadly new york train derailment <URL> #abc #news #an247
2013-12-02,survivor of metro - north derailment says he thought he was having a ‚Äò nightmare ‚Äô as train veered off trac . . . <URL> #bronx
2013-12-02,#bloomberg mia after metro north crash ? ?
2013-12-02,"ntsb is working to determine why a nyc train derailed while rounding a curve , killing four and injuring more than 60 : <URL>"
2013-12-02,#tcot mta identifies 4 people killed in nyc train crash : new york ( ap ) ‚Äî police confirm that a metro - nort . . . <URL> #gop
2013-12-02,four dead and 63 injured in new york city ‚Äô s worst train crash in 20 years <URL>
2013-12-02,mta identifies 4 people killed in nyc train crash : the metropolitan transit authority has identified the . . . <URL> #mesa
2013-12-02,metro - north train crash : mta identifies 4 people killed - the weather channel <URL>
2013-12-02,man killed after nyc train derailed was traveling to rockefeller center christmas tree : <URL> - kh
2013-12-02,"<USR> <USR> morning sweet , sorry about the new york train crash , god bless to those who passed away . you ok ?"
2013-12-02,probe seeks cause of fatal nyc train crash <URL>
2013-12-02,probe seeks cause of fatal nyc train crash . . <URL> #oklahoma #news
2013-12-02,probe seeks cause of fatal nyc train crash . . <URL> #oklahoma #news
2013-12-02,probe seeks cause of fatal nyc train crash : new york ( ap ) ‚Äî federal authorities were beginning an exhaustive i . . . <URL>
2013-12-02,new york train crash kills four <URL>
2013-12-02,new york train crash probe begins <URL>
2013-12-02,bbc news - new york train crash : metro - north derailment in bronx <URL>
2013-12-02,metro - north crash is reminder that human factor often to blame at speed : sunday morning ' s derailment . . . <URL> #buffalo
2013-12-02,probe seeks cause of fatal nyc train crash : metro - north officials say the locomotive of the . . . <URL> #albany #ny #news
2013-12-02,video : the new york times minute : bronx train crash investigation ; new york magazine goes biweekly ; and a self . . . <URL>
2013-12-02,new york train crash : thousands of daily commuters face delays as line is closed . . . <URL>
2013-12-02,"new york train crash kills four , leaves 67 injured today <URL>"
2013-12-02,"new york train crash kills four , leaves 67 injured today <URL>"
2013-12-02,"new york train crash kills four , leaves 67 injured today <URL>"
2013-12-02,speed focus of ny train crash probeas commuters warned of delays : investigators focus on whether a new york c . . . <URL>
2013-12-02,"new york train crash kills four , leaves 67 injured today <URL>"
2013-12-02,cranes righting another car of derailed nyc train <URL>
2013-12-02,investigators examine wreckage of deadly new york train crash <URL>
2013-12-02,"new york train crash kills four , leaves 67 injured today : a train hurtled off the tracks in a ne . . . <URL> ‚Ä¶"
2013-12-02,"#news metro - north crash victims include loving dad , sister <URL>"
2013-12-02,cranes righting another car of derailed nyc train <URL>
2013-12-02,<USR> new york train crash probe begins : the us authorities begin an investigation i . . . <URL> <USR>
2013-12-02,cranes righting another car of derailed nyc train <URL>
2013-12-02,news : ntsb : 2 nd data recorder found in derailed ny train : new york ( ap ) ‚Äî a member of t . . . <URL> <URL>
2013-12-02,new york train crash probe begins : the us authorities begin an investigation into the causes of sunday ' s new y . . . <URL>
2013-12-02,new york train crash probe begins : the us authorities begin an investigation into the causes of sunday ' s new york crash in which four . . .
2013-12-02,probe seeks cause of nyc train crash that killed 4
2013-12-02,investigators examine wreckage of deadly new york train crash <URL>
2013-12-02,new york train crash : authorities begin investigation as passengers face delays : national transportation safet . . . <URL>
2013-12-02,"new york train crash investigation could take 10 days , officials say : safety watchdog recovers second data rec . . . <URL>"
2013-12-02,"new york train crash investigation could take 10 days , officials say <URL>"
2013-12-02,"in city hall park , de blasio says his heart goes out to metro north crash victims , notes he has taken that train many times to visit his mom"
2013-12-02,gov . cuomo : i think nyc train crash was ' about the speed ' <URL>
2013-12-02,#breaking : ntsb : train that derailed in nyc was traveling 82 mph as it approached 30 mph zone .
2013-12-02,#breaking : ntsb : train that derailed in nyc was traveling 82 mph as it approached 30 mph zone .
2013-12-02,breaking : ntsb : train that derailed in nyc was traveling 82 mph as it approached 30 mph zone .
2013-12-02,"metro - north crash kills 4 ‚Äî tragic . tragic , too , that ny drivers killed 3 peds , 1 cyclist in a half - hour period on wed <URL>"
2013-12-02,possible jail time for the conductor rt <USR> breaking : ntsb : train that derailed in nyc was traveling 82 mph as it approached 30 mph zone .
2013-12-02,just in : ntsb : train that derailed in nyc was traveling 82 mph as it approached 30 mph zone .
2013-12-02,( ap ) - - ntsb : train that derailed in nyc was traveling 82 mph as it approached 30 mph zone #fox5atl
2013-12-02,"wow ! rt "" <USR> : breaking : ntsb : train that derailed in nyc was traveling 82 mph as it approached 30 mph zone . """
2013-12-02,"breaking : metro - north train in new york crash was going 82 mph in 30 mph zone , ntsb says . <URL>"
2013-12-02,the <USR> says the train that derailed in nyc was traveling 82 mph as it approached 30 mph zone .
2013-12-02,breaking : ntsb says metro - north train that derailed in nyc was going 82 mph as it approached a 30 - mph zone
2013-12-02,8 2 mph ? what the hell ? rt <USR> : breaking : ntsb : train that derailed in nyc was traveling 82 mph as it approached 30 mph zone .
2013-12-02,"train that derailed in new york travelling approx 8 2 mph entering 3 0 mph curve , early info suggests - <USR> investigators"
2013-12-02,"mayor bloomberg won ' t say where he was , but defends absence from metro - north crash site <URL>"
2013-12-02,"more : ntsb says train was traveling 82 mph in a 30 mph zone when it derailed in nyc , killing 4 passengers : <URL> - ‚Ä¶"
2013-12-02,- __ - rt <USR> : breaking : ntsb says metro - north train that derailed in nyc was going 82 mph as it approached a 30 - mph zone
2013-12-02,"mayor bloomberg won & #039 ; t say where he was , but defends absence from metro - north crash site <URL>"
2013-12-02,"more : ntsb says train was traveling 82 mph in a 30 mph zone when it derailed in nyc , killing 4 passengers : <URL> - ‚Ä¶"
2013-12-02,"new york train derailed at 8 2 mph on 3 0 mph curve , say investigators , in accident that killed 4 & injured more than 60 http : ‚Ä¶"
2013-12-02,"after fatal crash , metro - north commuters reflect on a daily routine <URL>"
2013-12-02,"got damn "" <USR> : breaking : metro - north train in new york crash was going 82 mph in 30 mph zone , ntsb says . <URL>"
2013-12-02,nyc train exceeded speed limit before crash <URL>
2013-12-02,"new york train derailed at 8 2 mph on 3 0 mph curve , say investigators , in accident that killed 4 & injured more than 60 http : ‚Ä¶"
2013-12-02,"#nabilnews metro - north train was traveling at more than 80 mph at time of fatal crash , ntsb . . . - fox news : wa . . . <URL>"
2013-12-02,"metro - north train was traveling at more than 80 mph at time of fatal crash , ntsb . . . - fox news . . <URL> #patriots #nfl"
2013-12-02,video : the new york times minute : new details on the metro - north train crash ; vice president biden in asia ; an . . . <URL>
2013-12-02,breaking news : ntsb : train in fatal nyc crash was traveling at 82 mph going into 30 mph zone <URL>
2013-12-06,* new york ‚Äô s train derailment is a reminder of the importance of sleep health policy | <USR> <URL>
2013-12-06,"nyc train derailment kills 4 , hurts more than 60 - ‚Äú four people lost their lives today in the holiday season , . . . <URL>"
2013-12-06,new york ‚Äô s train derailment is a reminder of the importance of sleep health policy - <USR> <URL>
2013-12-06,#breaking : fed gov ' t issues emergency order to #metronorth after deadly derailment . . increase staffing & modify speed limit signs . <USR>
2013-12-06,correction : nyc train derailment story <URL>
2013-12-06,metro - north ordered to put extra crew on some trains until signals upgraded following fatal derailment . <URL>
2013-12-06,highway hypnosis behind new york train crash ? <URL> <URL>
2013-12-06,"new york train crash could have been prevented , feinstein says <URL>"
2013-12-06,<USR> time - lapse of #metronorth track repair . <URL> from window overlooking site of sunday ‚Äô s deadly train crash
2013-12-06,<USR> time - lapse of #metronorth track repair . <URL> from window overlooking site of sunday ‚Äô s deadly train crash
2013-12-06,breaking : metro - north ordered to modify signal system in wake of new york crash . <URL>
2013-12-06,new post : metro - north railroad slapped with emergency order after new york crash <URL>
2013-12-06,nyc train crash prompts feds to require more conductors <URL>
2013-12-06,metro - north railroad slapped with emergency order after new york crash :
2013-12-06,metro - north railroad slapped with emergency order after new york crash <URL>
2013-12-08,probe seeks cause of nyc train crash that killed 4 - by verena dobnik and kiley armstrongassociated press new york . . . <URL>
2013-12-08,investigating the nyc train derailment : investigators look into possible criminal charges against the engineer . . . <URL>
2013-12-08,investigating the nyc train derailment : investigators look into possible criminal charges against the engineer . . . <URL>
2013-12-08,investigating the nyc train derailment : investigators look into possible criminal charges against the engineer . . . <URL>
2013-12-08,investigating the nyc train derailment <URL>
2013-12-08,"schumer , blumenthal call for metro - north cameras in wake of derailment . <URL>"
2013-12-09,signals upgraded for curve in track where metro - north crash occurred <URL>
2013-12-09,metro - north engineer : ' i was in a daze ' before crash . . <URL> #nyc #bronx #news
2013-12-09,metro - north railroad slapped with emergency order after new york crash <URL> #metronorth
2013-12-09,"metro - north train was traveling at more than 80 mph at time of fatal crash , ntsb . . . - the commuter train that . . . <URL>"
