2013-01-30,updated #goldcoast road closure information is available here <URL> #bigwet #qldfloods
2013-01-30,kiwi trapped by queensland floods - new zealand herald - via <USR> <URL>
2013-01-30,floods in queensland worst on record - irish times : sydney morning heraldfloods in queensland worst on recordiri . . . <URL>
2013-01-30,i would say queensland ' s repetitive flood crises are more the direct result of occupying and building in excess on a flo . . .
2013-01-30,george street #bundaberg . #bigwet <URL>
2013-01-30,"have i got this right , people of qld want the govt to step in and help . have they forgotten tony abbott opposed the last qld flood levy"
2013-01-30,"chan 9 are showing hr long broadcasts from the queensland floods instead of <USR> . we don ' t wanna think about that , we wanna laugh !"
2013-01-30,what seems like a common occurence now : heavy flooding hits australia <URL>
2013-01-30,"australia ' s intense rain , crazy flooding and bushfires - all part of the climate change playbook > > new scientist . . ."
2013-01-30,"just back in qld from melbourne . where ' s noah when you need him ! ? where i am - trees smashing up houses , floods and 4 days with no power . . ."
2013-01-30,show your support and get your tickets here : <URL> #goroar #aleague #qldfloods #bigwet
2013-01-30,asia top news : australia floods cast pall over wesfarmers outlook <URL> ( via cnbc asia )
2013-01-30,the clean up ' s on at tarragindi #bigwet <URL>
2013-01-30,slsc australia : sls is encouraging everyone to play it safe in flood affected areas . don ‚Ä¶ <URL>
2013-01-30,"australians clean up from floods , supplies dwindle : brisbane , australia ( ap ) ‚Äî military personnel headed to flood - ravaged northeast a . . ."
2013-01-30,<USR> sounds like something they would be telling people in australia right now with all the flooding we ' ve had :/
2013-01-30,#lismore airport is now re - opened but all flights today are still diverted to ballina #bigwet
2013-01-30,clean - up begins after deadly australia floods <URL> [ straitstimes world ]
2013-01-30,gallery : flooding hits qld ' s sunshine coast . see a selection of photos from <USR> <URL> <URL> . . .
2013-01-30,2 days left ! make sure your y natural purchase supports the queensland flood appeal 2013 . . . here at y natural . . . <URL>
2013-01-30,this is ( we think ) a grey wolf #spider escorting her young to safety from flooding in #jandowae #bigwet #qldfloods ht . . .
2013-01-30,warwick - about 20 businesses were inundated . the area is now in clean up mode . - pt #bigwet
2013-01-30,<USR> says qld is important for gillard - why call an election during time of need during the floods <USR> <USR> ask now
2013-01-30,awww ‚Äú <USR> : this picture made us smile : a queensland police officer rescues a calf from the floods <URL>
2013-01-30,"queensland floods update : a second body has been found today , taking the total death to 6 #tennews"
2013-01-30,"hey guys , emergency visa prepaid cards available 2 aami customers impacted by #bigwet . contact us <USR> 13 22 44 if u need assistance #qldfloods"
2013-01-30,"unique image of the qld flood plumes from <USR> on int . space station , our thoughts are with those affected . . ."
2013-01-30,live now : coverage of #qldfloods continues on <USR> .
2013-01-30,has work been affected by queensland & nsw floods ? read ‚Äò natural disasters ‚Äô info for workplaces <URL> via <USR>
2013-01-30,want to help out the people of qld doing it tough right now ? be a total legend and donate to the floods appeal here http :// . . .
2013-01-30,gas pipeline was ruptured between bundaberg and #gladstone #bigwet
2013-01-30,assistance is available for those affected by #qldfloods . see queensland govt website for more info <URL>
2013-01-30,no helping out at markets for me this week due to the #qldflood but i will still be performing the #haha this weekend . #brisbane
2013-01-30,gayndah qld is getting no help from government . i am driving supplies up there if anyone can help donate anything . #bigwet #thebigwet
2013-01-30,anyone know how childers is coping with the floods ? #queensland #floods
2013-01-30,iht rendezvous : iht quick read : jan . 30 : dozens of bodies found in syria ; flooding in australia ; governing thail . . . <URL>
2013-01-30,want to help out the people of qld doing it tough right now ? be a total legend and donate to the floods appeal here http :// . . .
2013-01-30,"lost blue burmese cat , glass house mountains #qld #qldfloods #bigwet <URL> via <USR> pls rt"
2013-01-30,clean - up launched after deadly australia floods : sydney : a mammoth clean - up was underway in australia ' s flood - hi . . . <URL>
2013-01-30,ive avoided the political personal side but ummmm anna did much better organising personally i miss her answering my requests #qldfloods
2013-01-30,i ' d like to thank marius kloppers and bhp billiton for their $ 1 million donation to the qld flood appeal
2013-01-30,clean - up launched after deadly australia floods : sydney : a mammoth clean - up was underway in austral . . . <URL> via <USR>
2013-01-30,"lost ‚Äì two chickens ‚Äì seven hills , #brisbane #qld <URL> via <USR> #qldfloods #bigwet pls rt"
2013-01-30,"dtn taiwan : taiwanese man on working holiday in australia dies in flood : taipei , jan . 30 ( cna ) a taiwanese man o . . . <URL>"
2013-01-30,planning for floods and fires : disasters are not natural anymore <URL> #climate #australia #flooding #wildfire
2013-01-30,troops lend muscle to queensland ' s flood recovery ( abc ) <URL>
2013-01-30,exclusion zone in place in north #bundaberg <URL> #qldfloods #bigwet
2013-01-30,bhp donates $1million to qld flood appeal <URL>
2013-01-30,flood waters head for the cotton fields : it ' s a wait and see game for cotton growers on the queensland - ns . . . <URL> #water
2013-01-30,starting to see boats travelling upstream on the brisbane river again #bigwet <URL>
2013-01-26,"update . we have two road crashes , peachester road , qfrs responding horsecamp road swiftwater incident #bigwet"
2013-01-26,"emergency flood alerts issued for towns in queensland , australia ; residents urged to get to higher ground - <USR> . . ."
2013-01-26,#australiaday #flag #aussie #australia #aussiepride #iphone5 #hdr2 #water #rain #bigwet <URL>
2013-01-26,#leimo <URL> qld residents prepare for storm tides : emergency flood alerts ha . . . <URL> <USR> <USR>
2013-01-26,<USR> can we borrow him ? there ' s a leak in wivenhoe dam he would bung nicely :) #qldfloods
2013-01-26,qld coastal cities face a 1 in 100 year flood . haven ' t had one of them for at least 3 years . but as you were - no climate . . .
2013-01-26,"flood warning for the connors , isaac , don , dawson and fitzroy rivers #bigwet <URL> issued at 12:29 . . . <URL>"
2013-01-26,reports of road traffic crash ‚ñ∂ possible entrapment ‚ñ∂ canando st & daguilar hwy woodford <URL> #bigwet
2013-01-26,reports of road traffic crash ‚ñ∂ nr keefton rd bruce hwy gympie <URL> #bigwet <URL>
2013-01-26,etu members <USR> stanwell power station keeping the lights on in difficult conditions <URL> #qldpol #bigwet #q . . .
2013-01-26,homes spared from flooding for now - sydney morning herald <URL> #qld
2013-01-26,yeaa buddy #straya #sausagerolls #triplej #hottest100 #brisbane #bigwet #bbq #australiaday #nofilter <URL>
2013-01-26,"breaking : <USR> premier says "" situation has deteriorated "" in central qld . gladstone has been disaster declared #bigwet"
2013-01-26,premier newman : weather situation has deteriorated . #bigwet
2013-01-26,"newman says bundaberg has been hit by a tornado . buildings damaged , power lines down . disaster declared . #bigwet"
2013-01-26,wow a mini tornado in queensland and flooding . can that now be declared as the unluckiest state in australia now ?
2013-01-26,burnett heads - remain indoors - tornadoes / waterspouts in your region now #qld #qldfloods #bigwet
2013-01-26,confirmed tornado at burnett heads . residents should remain indoors . #bigwet
2013-01-26,oswald flood threat remains : thousands of queensland homes are without power and preparing for rising floodwater . . . <URL>
2013-01-26,trampoline stuck in the top of power pole . unbelievable #bargara #bigwet <URL>
2013-01-26,"sheer genius , satire on the flood of patriotic nonsense put out for australia day . watch and laugh ! <URL>"
2013-01-26,residents in the bundaberg area need to remain inside . tornado activity can be unpredictable & destructive . #bigwet #t . . .
2013-01-26,"attention media . stop referring to tornadoes as "" mini "" they either are a tornado or they are not a tornado . #bigwet  . . ."
2013-01-26,"of wtf , queensland , your call centre doesn ' t help us the fuck out , why are we getting slammed with your flood calls ! ?"
2013-01-26,tonight in 7 news : bundaberg a disaster zone as a string of tornadoes rip through the area #bigwet
2013-01-26,"bundaberg , the bargara and burnett heads coastal area could be without power for up to 4 8 hrs #bigwet"
2013-01-26,keep up - to - date with the 2 severe weather warnings current for qld . #bigwet #tornado <URL>
2013-01-26,bom : radar suggests strong possibility of tornado 3 0 km w of maryborough moving ssw at 5 0 km / h #bigwet #tornado
2013-01-26,6:20pm est police : reports of another tornado at burnett heads . residents remain inside . #bigwet #tornado
2013-01-26,amazed & shocked at flood images from home on sm . v relieved <USR> seems to have been spared tornadoes at her place too . #qldflood
2013-01-26,"<USR> lol we are getting 3 0 0 mm plus , even more tomorrow , in some parts of qld there has been tornados , flooding its crazy"
2013-01-26,"qld premier campbell newman "" i ' m determined to ensure that this flooding won ' t be similar to the flooding of 2011 . "" kin . . ."
2013-01-26,police : fast stream rises are continuing across the baffle creek catchment . major flooding is rising at mim . . . <URL> #qld
2013-01-26,queensland ' s rainfall outlook in one animated map <URL> <USR> #bigwet
2013-01-26,come on ex tc oswald show us what you ' ve got . strange on / off winds through the house with the windows all shut ! #bigwet #tornado
2013-01-26,the banana regional council urging people in the low - lying areas of biloela in c qld to evacuate to higher ground <USR> #bigwet
2013-01-26,emergency alert - biloela . people in low - lying areas of town should move to higher ground or the civic centre . #bigwet
2013-01-26,<USR> the upside to an all nighter is no 4am alarm clock ! #bigwet #zinccq #gladstone #allnightlong
2013-01-26,#bigwet burrum heads has just had some severe winds . rpt of one house with damage . call ses 132 500 or . . . <URL> . . .
2013-01-26,report of fire services incident swiftwater vehicle rollover in floodwater gympie woolooga road widgee #bigwet
2013-01-26,#bigwet don ' t forget to check out latest road closure info for qld from the traffic & travel site or call 131940 http . . .
2013-01-26,where is flooded today ? #bigwet
2013-01-26,a shout - out to our emergency services for their amazing efforts so far . qld loves you ! <USR> <USR> <USR> <USR> #bigwet #qld
2013-01-26,cars completely covered at work yard on walla street . #bigwet #bundaberg <URL>
2013-01-26,"love the campmaster portable stove , here it is pumping out espressos despite no power #bigwet #finallymustinstallgas <URL>"
2013-01-26,more wet - weather pics . #bigwet #herveybay <URL>
2013-01-26,"with heavy rainfall , basement car parks can be flooded . if you live in a high rise with such a car park , please be aware . #bigwet"
2013-01-26,full flood warning for burnett river : <URL> #bigwet
2013-01-26,cars completely covered at work yard on walla street . #bigwet #bundaberg <URL>
2013-01-26,hope our fellow country folk in queensland are keeping safe after those terrible tornados & flooding . extreme weather in aus - go figure .
2013-01-22,queensland flood victims join action against government : - - delivered by feed43 service <URL>
2013-01-22,current centre of ex - tc oswald is 4 0 km wnw of cooktown and moving in a sse direction at about 18 kilometres per hour . #bigwet #qld
2013-01-21,probe opens way for queensland floods class action - the australian : brisbane timesprobe opens way for queenslan . . . <URL>
2013-01-21,predicted rainfall over the next 48 hours in fnq . it ' s gonna get very wet . #bigwet <URL>
2013-01-21,thousands of queensland flood victims join possible class action against state government <URL>
2013-01-21,qld floods class action ' could set record ' <URL> #qld
2013-01-25,ok there ' s huge flooding in qld ? ? ! i ' m only hearing this via twitter . next stop - abc news
2013-01-25,queensland floods as cyclone sweeps past <URL>
2013-01-25,<USR> floods in queensland ? i think i heard that somewhere today . hope  ä r good ?
2013-01-25,more news on our #nccarf report rt : <USR> news : queensland mines were not ready for floods <URL> . . .
2013-01-25,"the state govt has ordered seq water to release water from wivenhoe to "" reassure "" residents . <URL> #bigwet"
2013-01-25,rescues underway as central qld floods - herald sun <URL>
2013-01-25,want to know when the #bigwet will affect you ? sign up to brisbane ' s early warning alert service : <URL> . . .
2013-01-25,twenty rescued as floods sweep northeast australia <URL>
2013-01-25,wow ! so much water on the roads #bigwet
2013-01-25,"rt <USR> the remains of tropical cyclone #oswald trigger widespread flooding in #queensland , #australia : http :// t . c . . ."
2013-01-25,can we please just have one nice australia day . past two years were floods and now cyclone warning yay -.-
2013-01-25,banana shire - callide creek - get to higher ground now <URL> #bigwet #qldfloods #qld
2013-01-25,left it too late to build an ark . #bigwet
2013-01-25,#queensland hit by flash flooding . brisbane is next in line : <URL>
2013-01-25,"hey <USR> , , , no service in boyne / tannum qld . . . too wet and windy ? ? #bigwet #flatmatestelstrabroadbandworking #howtocontactwifey ? ?"
2013-01-25,record floods in #queensland #australia #bigwet ‚Äú <USR> : a flooding emergency alert has been issued for gladstone . <URL>
2013-01-25,live coverage : se qld on flood alert - abc online : <URL> coverage : se qld on flood alertabc . . . <URL>
2013-01-25,a heads up for boaties in seq if you haven ‚Äô t already now is the time to check those moorings or anchors ! #bigwet
2013-01-25,qps facebook page has changed url since two years ago . good resource for #bigwet #qldfloods information . new page : <URL>
2013-01-25,"happy australia day ! my favourite holiday of the year ! even with the bush fires , cyclones , heat waves and floods ; . . . <URL>"
2013-01-27,"commissioner stewart says it ' s "" absolute lunacy "" to be driving through flooded creeks . speaking with <USR> now #bigwet"
2013-01-27,"warrego alert : truckies reporting highway east of dalby "" starting to fall apart . "" #bigwet #qldfloods"
2013-01-27,<USR> are you still snowing ? because meanwhile in australia we are having tornadoes and a lot of flooding
2013-01-27,swollen drain at nundah #bigwet <URL>
2013-01-27,army on standby amid #qld flood crisis <URL> #tornados #brisbane
2013-01-27,"stay away from fallen powerlines , warn others and call triple zero ( 000 ) or 13 16 70 to report them #bigwet"
2013-01-27,non - essential travel on the sunshine coast tomorrow morning should be cancelled . #bigwet
2013-01-27,trampoline stuck in the top of power pole . unbelievable #bargara #bigwet <URL>
2013-01-27,"emergency numbers : police / fire / ambulance 000 , ses 132500 , ergon 132296 , energex 136262 , road reports 131940 #bigwet"
2013-01-27,made the right decision to leave . heaps of fallen trees and a downed powerline made for the worst driving conditions i ' ve been in #qldfloods
2013-01-27,photo : brisbane river almost bursting its banks at bulimba on high tide . #qldflooding #bigwet <URL>
2013-01-27,"during severe weather , you may need to provide first aid while waiting on emergency services - have a first aid kit handy #1staid4 #bigwet"
2013-01-27,rt <USR> is your mobile phone fully charged ? do you have emergency numbers saved in it ? #bigwet #qld #qldfloods
2013-01-27,and <USR> is live . pls let them know where they can help . #bakedrelief #bigwet
2013-01-27,"bundaberg north residents please evacuate immediately to civic centre , n bundaberg ss or friends & relatives #bigwet"
2013-01-27,police calling for immediate evacuation of bundaberg north . #bigwet
2013-01-27,new flood warnings for #lockyervalley creeks from bom . #qldfloods #bigwet <URL>
2013-01-27,fools are kayaking down kedron brook . <USR> <USR> #bigwet <URL>
2013-01-27,breaking news : a tornado has just hit mooloolaba on the sunshine coast . more to come . #bigwet #qldfloods #newsfeed
2013-01-27,"first fire , then flood . . . <URL> what next ? #bigwet"
2013-01-27,big tree down on boundary st . please avoid it . #brisbane #bigwet
2013-01-27,"manchester city : roberto mancini , "" i love mario balotelli "" #bigwet <URL>"
2013-01-27,story bridge closed both directions as of 12.57pm #bigwet
2013-01-27,tune into <USR> 1116 am or stream online <URL> for rolling coverage on the worsening weather conditions #bigwet
2013-01-27,north #bundaberg is being evacuated after the burnett river broke its banks #bigwet
2013-01-27,breaking news : a tornado has just hit mooloolaba on the sunshine coast . more to come . #bigwet #qldfloods #newsfeed
2013-01-27,weather system has picked up speed & is now affecting seq #bigwet
2013-01-27,holy cow ! ! ! rt ‚Äú <USR> trampoline stuck in the top of power pole . unbelievable #bargara #bigwet <URL>
2013-01-27,safety alert : now more than 500 fallen powerlines reported in seq . keep everyone well away and call us on 13 19 62 . #bigwet
2013-01-27,there is still the potential for #tornado activity across seq . #bigwet
2013-01-27,this was on fb gold coast & tweed is currently on tornado watch ! ! #crap #bigwet <URL>
2013-01-27,a shot of the tree on our roof taken from the neighbour ' s garden . #bigwet #bnestorm <URL>
2013-01-27,video of mayor tom tate holding media conference at 1.30pm to update on severe weather https://t.co/buyllod8 #bigwet #qldflood #qldfloods
2013-01-27,#india #latest news major floods hammer northern australia <URL>
2013-01-27,#bigwet is fehlberg park in fairfield going under this time ?
2013-01-27,"hmm #bigwet is trending . . ' qc : do you like my #bigwet pipe "" im sorry . . . i just had to #runescape"
2013-01-27,"keperra golf course , nw brisbane <USR> #bigwet pic by jay larkins <USR> <URL>"
2013-01-27,: car v tree mooloolaba <USR> <USR> #bigwet <URL> <USR>
2013-01-27,the fact that authorities have to ask people not to ring 000 for road updates says a lot about people #bigwet
2013-01-27,""" <USR> : another brisbane city ses team heading out . . #bigwet <URL> we are all thanful for the vo . . ."
2013-01-27,1 6 5 mm in the 24 hrs to 3pm at #mountcrosby with more to come . gusts feel less powerful and less frequent #bigwet <USR>
2013-01-27,queensland braces for flooding : the australian state of queensland is on alert for flooding and more tornadoes i . . . <URL>
2013-01-27,queensland braces for flooding : the australian state of queensland is on alert for flooding and more tornadoes i . . . <URL>
2013-01-27,rain coming under closed front door now . #bigwet #brisbane
2013-01-27,#leimo <URL> major floods hammer northern australia : people look at a boat th . . . <URL> <USR> <USR>
2013-01-27,story bridge has been reopened . #bigwet
2013-01-27,<USR> nice one for ducks #bigwet
2013-01-27,are older than 9 #bigwet #getinvolved
2013-01-27,yikes ! ! tree + powerlines ! ! #toowoomba #bigwet <URL>
2013-01-27,#oomf #bigwet #follow <URL> now this is sooooo amazing
2013-01-27,hang in there shade sail ! #bigwet #crazyweather <URL>
2013-01-27,this new satellite image shows the sheer size of the system moving across queensland right now . #bigwet <URL> . . .
2013-01-27,australia has floods / bushfires ; we ' ve had lots of snow and now flooding . jesus said ' love one another ' . plse look out 4 *all* #love
2013-01-27,just been advised that all citycat and ferry services on the brisbane river have been suspended . #bigwet
2013-01-27,apparently areas around coffs harbour are expecting about 400 - 5 0 0 mm tomorrow . #bigwet
2013-01-27,this is rugged stuff . i ' m feeling ever growing respect for those folk up north who brave through cyclones . #bigwet
2013-01-27,<USR> to give another update at 5pm . #bigwet
2013-01-27,apparently wollongong is going to cop this qld rain and floods about midnight monday ? anyone know anything more ?
2013-01-27,flooding occurring in lockyer valley . evacuations underway #bigwet
2013-01-27,"the windows are shaking at home , the wind is crazy ! ! and it ' s getting worse - #goldcoast #bigwet"
2013-01-27,250 businesses will be impacted in brisbane #bigwet #qldfloods #qld #qldflooding
2013-01-27,the #bigwet ? #bushfires ? sounds like #climatechange to me . shame <USR> is funding #coal and threatening #koala popula . . .
2013-01-27,brisbane and bremer rivers - flooding much lower than 2011 . #bigwet
2013-01-27,only when it buckets down . bardon backyard creek appears #bigwet <URL>
2013-01-27,#qldfloods so how many front line emergency personnel did newman get rid of in 2012 ? remind me please cn you wicked . . .
2013-01-27,minor floods in both bremer and brisbane rivers . flood maps of affected suburbs being released soon online #bigwet
2013-01-27,üò≥ üò± üòî rt <USR> : the big surf has destroyed noosa beach #bigwet <URL>
2013-01-27,expect another 6 hours of rain in brisbane . flash flooding and dangerous conditions continue . #bigwet
2013-01-27,"brisbane and bremmer rivers to flood , but ' nothing like 2011 ' say newman and quirk <URL> #bigwet"
2013-01-27,massive flooding ahead for queensland & parts of the uk .
2013-01-27,27 / 17:22 est flood warning - burrum river ( qld ) <URL>
2013-01-27,emergency alert : laidley creek is expected to peak at 5.30pm with major flooding to 2011 levels . #bigwet
2013-01-27,we have officially lost power in #palmwoods #bigwet
2013-01-27,#bigwet wait we know dam capacity is 225% #newman speaks of 88% figure ? is he saying #wivenhoe dam is at 12% from full #bneflood capacity ?
2013-01-27,more #lockyervalley evacs . houses flooded in 2011 in glenore grove and kensington grove asked to evac to gatton shire hall #bigwet
2013-01-27,no crossing enoggera creek on that side road the gap #bigwet #brisbane #flood <URL>
2013-01-27,you idiot . qld and nth australia has been flooding for millennia . nothing new . <USR> <USR> #auspol
2013-01-27,level 3 outside smoking area at bne international now closed . no smoking option past customs / security . #bigwet
2013-01-27,#bigwet climate change my arse .
2013-01-27,<USR> <USR> <USR> can we please have an update for caboolture / morayfield region please ? #bigwet #7newsbrisbane
2013-01-27,"<USR> fisher & camberwell streets , east brisbane . #bigwet <URL>"
2013-01-27,"#ausopen fans , #climatechange does not ' advantage you ' , just ask those soaked by the #qldfloods . <USR> are #outoforder for funding #coal"
2013-01-27,"bundaberg store owner affected by flooding : "" thank god for insurance . "" wouldn ' t be too sure about that . #readthefineprint #bigwet"
2013-01-27,photo : ryan anderson sent in this amazing photo of the burnett hwy cut by floodwaters near tansey in qld . #bigwet http :// t . . . .
2013-01-27,there goes the power at wellington point #bigwet
2013-01-27,"water gushing through gold coast hinterland , threatening shops #bigwet <USR> <URL>"
2013-01-27,"latest casualty of the #bigwet is channel 7 news ' deplorable "" flashback "" segment . life is not fair . nothing is fair ."
2013-01-27,breaking : flood maps for brisbane river are now available <URL> #bigwet
2013-01-27,lend someone a helping hand this #australiaday #bigwet weekend via baked relief <USR> <URL>
2013-01-27,oh god everyone ' s holes are leaking ! ! #bigwet
2013-01-27,foam from rough waves at alexandra headland resembles snow on the sunshine coast #staysafe #bigwet #queensland #flood . . .
2013-01-27,foam from rough waves at alexandra headland resembles snow on the sunshine coast #staysafe #bigwet #queensland #flood . . .
2013-01-27,"<USR> <USR> say "" please don ' t dial 000 for road updates . comms staff need lines free 4 emergencies . 131940 road info . #bigwet"
2013-01-27,"devastating floods strike queensland , disaster declared : floods have wreaked havoc in bundaberg on australian ‚Äô s . . . <URL>"
2013-01-27,"palmwoods police just called to say they can ' t reach my dad by road tonight . "" it ' s like an ocean out here . "" #bigwet"
2013-01-27,ipswich : flood prediction maps now online & available at : <URL> #bigwet #qldfloods <URL>
2013-01-27,swift water rescue underway at gilston #bigwet
2013-01-27,fraser : sporting clubs suffer as floods strike again <URL> #qld
2013-01-27,reminder to avoid travel unless absolutely necessary . extensive delays on all modes across seq due to bad weather #bigwet
2013-01-27,retweet this picture if you think this guy ' s a complete arse - hat #auspol #ausmedia #bigwet #ausopen <URL>
2013-01-27,"howling wind outside , howling kids inside ! can ' t win ! #bigwet #qldweather"
2013-01-27,"qld floods : a cable washout in kingaroy has impacted a significant number of landline , broadband and mobile services i . . ."
2013-01-27,"<USR> so you ' re missing out on the qld weather hey . perfect one day , pissing down rain and flooding the next . . :) have fun"
2013-01-27,breaking : flood maps for brisbane river are now available <URL> #bigwet
2013-01-27,ashgrove flooding australia day weekend 2013 . wmv : <URL> via <USR>
2013-01-27,this wind is fucking scary #bigwet
2013-01-27,"qld floods : telstra encourages customers to only use their mobiles in emergency situations . if 000 is affected , call local . . ."
2013-01-27,qld viewers : premier campbell newman confirms parts of ipswich & brisbane susceptible to flooding ; live news <USR> 9.30pm . . .
2013-01-27,be prepared #bne the winds are coming ! it ' s blowing a #gale at #maroochydore . #staysafe #bigwet
2013-01-27,<URL> #qldfloods wow . i visited that you watch it also
2013-01-27,according to the automatic gauge in #bundaberg the burnett river has passed the dec 2010 level of 7 . 9 2 m . now at 8 . 1 m and rising #bigwet
2013-01-27,overheard : yesterday in australia : fuck we are burning to the ground today in australia : cool flooding and . . . <URL>
2013-01-27,"start to worry when my backyard start to flash flooded , but won ' t take long before its gone . thanks god ! #bigwet"
2013-01-27,for queensland . #bigwet <URL>
2013-01-27,"everything is going to be ok , karl stefanovic will be reporting on the floods from brisbane #bigwet #calminginfluence #logie"
2013-01-27,can someone please inform the qld govt that 2 3 mb pdf files are entirely not awesome for disseminating flood zone informa . . .
2013-01-27,got to love a good flood and tornado this time of year #queensland #brisbane
2013-01-27,a list of locations where sandbags are available in brisbane is now on our facebook page : <URL> #bigwet
2013-01-27,27 / 23:14 est flood warning - fitzroy river ( qld ) <URL>
2013-01-27,bbc news - australian state of queensland braces for flooding <URL>
2013-01-27,"<USR> yep , there pretty close . i need web ones at the moment in qld . waits for the floods ."
2013-01-27,must see this - - made my personal day ! #bigwet <URL>
2013-01-27,sleepless in #brisbane . battening down the hatches #qldfloods #cycloneoswald
2013-01-27,there is lightning now . feel things are going to get very wild for the next few hours #bigwet #goldcoast #robina
2013-01-27,severe weather warning updated - strong winds up to 1 2 5 km / hr possible in se coast district #bigwet <URL>
2013-01-27,live : qld flooding alert moves south - abc online : sydney morning heraldlive : qld flooding alert moves southabc . . . <URL>
2013-01-27,twitter accounts with news about floods in queensland : <USR> <USR> <USR> <USR> #qldfloods
2013-01-27,<URL> i love you & lt ;3 #bigwet
2013-01-27,australia issues #flood warning as mini #tornado hits <URL>
2013-01-27,"<USR> queensland is experiencing some really bad floods , really feelin what you guys went thru in ny now #loveeternal"
2013-01-27,"telstra phone services cut at rockhampton , cairns , gladstone , mt isa , mareeba , townsville . 000 coverage is also down in these areas #bigwet"
2013-01-27,update : flood warning for the albert and logan rivers <URL> #qldfloods #bigwet
2013-01-27,heart goes out to those who went under in 2011 & are facing a flood threat again this morning . #qldfloods
2013-01-27,monsoonal conditions continue - although had to reassure g2 no tornatoes or salamis today #bigwet
2013-01-27,scores of swift water rescues and a man missing in se qld <USR> at 6:30 #bigwet
2013-01-27,john muntz causeway upper coomera #bigwet 6.00am this morning <USR> <URL>
2013-01-27,more pics from maroochy conservation reserve #sunshinecoast #bigwet <URL>
2013-01-27,"au - blog : devastating floods strike queensland , disaster declared : people look at a boat that has been washed up onto ‚Ä¶ <URL>"
2013-01-27,<URL> sex following a blunt is amongst the very best sex in the entire world #qldfloods
2013-01-27,qld premier launches flood appeal <URL> ( daily telegraph ) #news #sydney
2013-01-27,worst still to come for queensland : live updates : queensland residents face days of uncertainty as floods hit fo . . . <URL>
2013-01-27,lol this has been hilarious ! <URL> #bigwet
2013-01-27,roof ripped off fortitude valley station #bigwet <URL>
2013-01-27,extended coverage of qld / nsw flood crisis : we are staying on the air until 11am ( 10am qld time ) to bring you the lates . . .
2013-01-27,my poor pool is full of muddy water again ! üò• #bigwet #frustrated <URL>
2013-01-27,"<USR> thanks for nothing garry , next time i will ask emma freeman :-) j / k thanks for keeping the info flowing . #bigwet"
2013-01-27,<USR> mayor of scenic rim trapped at moogerah dam by flood waters #bigwet <URL>
2013-01-27,second flood death in qld <URL>
2013-01-27,#bigwet #bnestorm hoping everyone in qld and bne stays safe during the floods . thoughts are with friends there
2013-01-27,"good time to test out my new kite , while i have no power and water #bigwet #qldfloods #cabinfever"
2013-01-27,‚Äú <USR> : qld surprised flood peak in bundaberg will be higher than 2011 . join the dots ! ‚Äù #climatechange #auspol
2013-01-27,a big shout out to all qfrs staff & volunteers who worked throughout the night helping their fellow #qlders #bigwet #ql . . .
2013-01-27,latest from #goldcoast mayor tom tate including new radio interview <URL> #bigwet #qldflood #qldfloods
2013-01-27,pygmy whales washed up in huge swells <URL> <USR> #bigwet
2013-01-27,"so much damage happening all over the place from flood and wind , and i ' m like "" there ' s not much to report here ! "" . #highground #bigwet"
2013-01-27,"wow , i think i just saw the sun ! forgot what it looked like after so much rain . wind has just stepped up a notch though #bigwet"
2013-01-27,"omg , the sun ! it burns . it buuuuurns ! #bigwet"
2013-01-27,insurers get nervous : insurers brace for a new round of claims following heavy rains and flooding in queensland . . . <URL>
2013-01-27,i arrived home in darwin yesterday after driving 4 days from sydney via brisbane . good timing i must say . #bigwet
2013-01-27,"good morning all , another wet and windy day in #brisbane - stay safe everyone ! #bigwet #qldfloods2013"
2013-01-27,foam covers currumbin beach #bigwet #qldfloods #bigblow <URL>
2013-01-27,<USR> awwe i wish i could go but atm im in qld about to drown in flood waters ! no fucking joke im actually on my roof atm !
2013-01-27,awful cracking sounds during the night . . . two more trees down this morning #bigwet #qldflooding a bit brighter but wind still vicious
2013-01-27,2 weeks ago it was bushfires . today it ' s floods . prayers for everyone in our big wide land #australia
2013-01-27,‚Äú <USR> : kedron brook - the bridge at gordon park is now shut <USR> #bigwet <URL> <USR>
2013-01-27,#qldfloods <URL>
2013-01-31,these guys are being spotted on the streets of #bundaberg . #bigwet <USR> <USR> <URL>
2013-01-31,<USR> the recent bushfires and now floods in australia ?
2013-01-31,#pmaanznews heartbreak for growers <URL> #freshproduce #bigwet #qldfloods
2013-01-31,social media a saviour as baffle creek gets cut off <URL> #qldfloods #bigwet <USR> #qld
2013-01-31,i ' d like to thank marius kloppers and bhp billiton for their $ 1 million donation to the qld flood appeal
2013-01-31,internet outage for the past 36 hours . this is good considering most of qld is still affected by the #bigwet
2013-01-31,<USR> qld nsw floods guy sebastian is the only celeb to commit atm . please say you ‚Äô ll help . pm me if you can . thanks ( from my heart )
2013-01-31,<USR> have developed a range of flood resources to help qld businesses get back on their feet . visit <URL> . . .
2013-01-31,"premier campbell newman talks of dams , levees in rebuild plan after devastating floods #australia #construction http :/ . . ."
2013-01-31,flew home over as very water logged nsw . #bigwet #nswfloods amazing how much water is still covering grafton
2013-01-31,#qldfloods might cause temporary banana shortage ? noooooooo ! #fewernarniesmoothies cc <USR>
2013-01-31,"<USR> are you in qld ? i heard there was storm ' s , tornadoes and floods . i was in boston for aussie day so wast the same"
2013-01-31,details on flood assistance for #queensland small businesses in today ' s special edition of teq industry news - https :// t . . .
2013-01-31,"qld viewers , <USR> ' s moving piece on #bundaberg #flood recovery is on <USR> straight after the news ."
2013-01-31,beagle news alert photos : heavy flooding hits australia : <URL>
2013-01-31,photos : heavy flooding hits australia : <URL>
2013-01-31,australia has always had bushfires and bad flooding since i can remember . no one mentioned climate change . 50 years of experience .
2013-01-31,australia has always had bushfires and bad flooding since i can remember . no one mentioned climate change . 50 years of ex . . .
2013-01-31,shoutout to #mkr fans to get involved with #bakedrelief in qld to lend a hand to people afftected by floods <URL>
2013-01-31,‚Äú <USR> : campbell newman wants to flood - proof qld . thoughts on the best way ? #telltoday <USR> ‚Äù become mother nature :-/
2013-01-31,all brisbane catholic schools open today except for st joseph ' s school ( gayndah ) st mary ' s school ( laidley ) #bigwet #qldfloods
2013-01-31,check out <USR> looking after yourself and your family after a disaster booklet <URL> #bigwet #qldflood . . .
2013-01-31,"new listing : lost blue burmese cat , glass house mountains qld #qldfloods <URL> via <USR> #bigwe . . ."
2013-02-01,<USR> #bigwet #bundaberg how awful for these residents not being able to see there homes yet
2013-02-01,#bigwet latest bom flood summary and warnings can be found at <URL> or qldalert <URL>
2013-02-01,wisma putra malaysian victim of queensland floods yet to be confirmed <URL>
2013-02-01,hello #world #happy #friday #everyone and #wishing our #friends in #australia who are #suffering from #floods stay #safe :-0 )
2013-02-01,wow that storm hit quickly and packed a punch ! <USR> #bigwet #toowoomba it ' s not what people who are cleaning up need .
2013-02-01,#mudarmy - logan is full with volunteers for this weekend but lockyer valley needs you ! #bigcleanup #bigwet <URL> . . .
2013-02-01,"<USR> my thoughts go out to all of the flood and fire victims around australia , stay strong"
2013-02-01,floods in eastern australia <URL>
2013-02-01,"se : mur ‚Äô bah businesses record $200,000 in flood losses <URL> #qld"
2013-02-01,briefing for north bundaberg residents ahead of return . #bigwet <USR> <URL>
2013-02-01,central : insurance council says rocky flash flood clean - up can begin <URL> #qld
2013-02-01,flood warning for the dawson and fitzroy rivers http :// <URL> #bigwet issued at 8:34 am est
2013-02-01,audible gasps from crowd when told of damage in nth bundy such as a pothole 2 m deep and 1 0 0 m long . #bigwet
2013-02-01,"01 / 10:34 est flood warning - macintyre , weir & border rivers ( qld ) <URL>"
2013-02-01,"what the ? friday - this week , another good reason not to drive through or play in flood waters #wtfriday #bigwet <URL>"
2013-02-01,"what the ? friday - this week , another good reason not to drive through or play in flood waters #wtfriday #bigwet http :// t . . . ."
2013-02-01,"what the ? friday - this week , another good reason not to drive through or play in flood waters #wtfriday #bigwet http :// t . . . ."
2013-02-01,01 / 16:16 est flood warning summary ( qld ) <URL>
2013-01-28,the condamine river about to go over the bridge in warwick : #bigwet <URL>
2013-01-28,"so when disaster strikes #bigwet u lose power , water and smartphone ( no charger , no telstra ) . surprising how dependent u are on iphone !"
2013-01-28,"our thoughts with those in #bigwet stay safe : don ' t put yrselves at risk in affected areas to get docs , pics #qldfloods #nswfloods pls rt"
2013-01-28,is the big brother house okay ? #qldfloods
2013-01-28,deja vu football club <USR> #bigwet <URL>
2013-01-28,"as the brisbane river rises , south bank beach could be flooded for the second time in two years #bigwet #qldfloods <URL>"
2013-01-28,flooding hits eastern australia : hundreds of homes are inundated and and several people reported missing as floo . . . <URL>
2013-01-28,bbc : flooding hits eastern australia : hundreds of homes are inundated and and several people reported missing a . . . <URL>
2013-01-28,eagle st pier has gone under again . restaurants inundated . <USR> #bigwet <URL>
2013-01-28,#qldfloods #bigwet 7 2 2 mm of rain in the last 23 hours on the gold coast !
2013-01-28,‚Äú <USR> : rain over seq is easing - weather system moving into nsw #bigwet ‚Äù looks like it heading your way <USR>
2013-01-28,"pedestrains and motorists , please don ' t use the esplanade at wynnum to sight - see . go home where it is safe and warm ! #bigwet"
2013-01-28,so that guy with the beard building a boat and wanted two of everything ? should ' ve taken up his offer . #bigwet
2013-01-28,toowoomba not spared wind and destruction . #bigwet #staysafe #abcnews <URL>
2013-01-28,rt <USR> : eagle st pier has gone under again . restaurants inundated . <USR> #bigwet <URL>
2013-01-28,<USR> from <USR> earlier today #wynnum #bigwet <URL>
2013-01-28,"roofing iron , logan road , holland park . qps on scene . #qldfloods #bigwet <URL>"
2013-01-28,<USR> <USR> #coateshire will also be open in caloundra and maroochydore this morning #bigwet please retweet
2013-01-28,i want to send out my love and thoughts to everyone in qld effected by the floods ! ! be safe and look after your families ! . . .
2013-01-28,will people of queensland remember abbott didn ' t want a levy to help pay for the last floods / storms . ? what will he pledge i . . .
2013-01-28,ipswich showgrounds & shiloh church at goodna have been opened as evacuation centres . #bigwet
2013-01-28,all beaches remain closed from tannum sands to coolangatta . stay out of the water . #bigwet
2013-01-28,superb work by the <USR> team today on #bigwet ( <USR> <USR> <USR> ) . live feed here : http : . . .
2013-01-28,<USR> they must ' ve known what it was like before going out in it ! i have no idea what they were thinking either . #bigwet #stupidpeople
2013-01-28,"er ‚Ä¶ what happened to ‚Äú if it ‚Äô s flooded , forget it ? ‚Äù <USR> rt <USR> : cops undercover #bigwet currumbin <URL>"
2013-01-28,my photos of the flooded bicentennial bikeway are up . #bigwet <URL>
2013-01-28,queensland floods ‚Äì optus network update - 6am ( singtel - singapore telecommunications limited ) : . . . <URL> #science #news
2013-01-28,two #brisbane citycats heading for safe harbour to ride out the #bigwet <URL>
2013-01-28,foam washes through justin park on burleigh headland #bigwet #bigblow #qldfloods <URL>
2013-01-28,so glad we went to queensland at the start of the month and not now ! stay safe you beautiful queenslanders üòò #qldfloods
2013-01-28,"number of coal mines releasing dirty water to fitzroy basin rivers now up to 21 , plus one mine in burdekin #bigwet ht . . ."
2013-01-28,"sending good vibes to the people out their risking their lives in this storm ! cops , fireman , emts , and pizza guys on scooters ! #bigwet #qld"
2013-01-28,230 000 homes & businesses now without power in seq according to <USR> . #qldfloods
2013-01-28,"<USR> hey there , bicentennial bikeway is flooding . here ‚Äô s some pics . #bigwet <URL>"
2013-01-28,qld police couldnt resist havin a hell time <USR> <USR> <USR> #bigwet <URL>
2013-01-28,there is no shame in contacting mental health orgs for help - you are not in this alone ! #bigwet #qldflood #qld cc / <USR> . . .
2013-01-28,aptly named creek st under water in the #brisbane cbd #bigwet <URL>
2013-01-28,"qld premier campbell newman "" i ' m determined to ensure that this flooding won ' t be similar to the flooding of 2011 . "" kin . . ."
2013-01-28,watching the news coverage of the qld floods #besafe everyone in the affected areas
2013-01-28,"thinking of all the amazing queenslanders i met in 2011 & their neighbours , as they again deal with devastating floods . #bigwet"
2013-01-28,"floods , high winds batter nsw , australia : new south wales , australia , jan . 27 ( upi ) - - ex - tropical cyclone oswa . . . . . ."
2013-01-28,eerily feeling very similar to two years ago . #bigwet
2013-01-28,this damage on rode rd #bigwet <URL>
2013-01-28,my chocolate is melting cause i have no power #bigwet
2013-01-28,"australia can ' t catch a break . if we aren ' t burning , we ' re flooding ."
2013-01-28,trees down in cbd #qldfloods <URL>
2013-01-28,"3 dead , dozens trapped in australia floods <URL>"
2013-01-28,#forex #updates australia : queensland floods ‚Ä¶ again : there is flooding in queensland again ‚Äì an . . . <URL> #teamfollowback
2013-01-28,wild weather has whipped up sea foam at mooloolaba beach #qldfloods <USR> <URL> #fb
2013-01-28,"three dead , dozens trapped in australia floods <URL>"
2013-01-28,"i dislike channel 7 , but their coverage of the devastation in laidley is commendable . thank you for not just caring about the city #bigwet"
2013-01-28,"<USR> wait time for sandbags at redfern st , morningside is around an hour . #bigwet #qldfloods"
2013-01-28,"moral of the story - if you ‚Äô ve elderly neighbours , check on them and ensure they have the latest information . thanks mum #bigwet #qldflood"
2013-01-28,news : flooding hits eastern australia <URL>
2013-01-28,knowledge is power . brisbane basketball inc . much better prepared for possible flooding in the coming days #bigwet <URL>
2013-01-28,snap . rt : <USR> abbott is visiting flood affected areas of qld . i ' m sure he ' ll remind queenslanders he opposed . . .
2013-01-28,handy list of contacts and numbers . have a look and write down any that you may need . <URL> #bigwet #bnefloods
2013-01-28,<USR> the link doesnt appear to be working in this story . #bigwet
2013-01-28,flooding hits eastern australia : three people are killed and hundreds of homes are under water in the australian . . . <URL>
2013-01-28,cops undercover #bigwet currumbin <URL>
2013-01-28,lib fundraising on back of qld flood disaster as a devastating cyclone bears down will not earn tony abbott any credit . . .
2013-01-28,from record heat to cyclones & floods in a week ! this is australia folks
2013-01-28,"st rita ' s college at clayfield will operate as usual , with school already scheduled to start on wednesday . #bigwet"
2013-01-28,"qld flooding . . , here comes tony abbott . . #bigwet2 <URL>"
2013-01-28,#news floodwaters expected to peak in ipswich at 6pm tonight . #bigwet
2013-01-28,"#qld floods : bundaberg - more than 2,000 properties affected . nth bundaberg about to be isolated - leave now if safe . <USR> reports ."
2013-01-28,"ipswich : bremer river expected to peak at 1 5 m , more than 200 properties to be affected . #bigwet"
2013-01-28,these floods in queensland are so scary and i ' m on the other side of the country ! :o
2013-01-28,"<USR> "" ipswich water is rising to 1 5 m - can expect 200 + properties affected . worst area - goodna . evac centres are open "" #bigwet"
2013-01-28,"if you would like to donate to the red cross qld floods appeal , to help families and communities , consider calling 1800 811 . . ."
2013-01-28,cn : right now wivenhoe is sealed up . there is no water being let out . the dams are doing what they ' re meant to do . #bigwet
2013-01-28,one day in australia it ' s fires another its floods .
2013-01-28,#nswses units are on standby and ready to assist in the #bigwet & #nswfloods . many units are already active . . . <URL>
2013-01-28,#bigwet ergon energy crews are requesting sight - seers stay off the roads crews are trying to move into . . . <URL> . . .
2013-01-28,"everyone affected by #qldfloods , let people know you ‚Äô re safe : <URL> or search for family & friends . . . ."
2013-01-28,we ' re thinking of all those affected by the #bigwet . stay safe everybody .
2013-01-28,"bless all the emergency workers , volunteers exhausted in brisbane and qld . i would like my power back . . . but i ' ve got lots of books . #bigwet"
2013-01-28,bom : still the chance of isolated thunderstorms around seq this afternoon . #bigwet
2013-01-28,update from <USR> on flood affected areas of qld : <URL> #bigwet
2013-01-28,flash flood - australia - australia : edis number : ff - 20130128 - 38017 - ausdate / time : 28/01/2013 04:34:52 [ utc ] eve . . . <URL>
2013-01-28,no power ? save mobile phone battery : turn off background apps <URL> #bigwet #qldfloods #nswfloods
2013-01-28,"praying for friends and residents of qld and brisbane today . dear god , help us avoid another flood catastrophe . #bigwet #bnefloods"
2013-01-28,as at 1pm today shadow treasurer <USR> issued statement advising lnp budget surplus target is off again . qld flood . . .
2013-01-28,rt <USR> no power ? save mobile phone battery : turn off background apps <URL> #bigwet #qldfloods
2013-01-28,queensland ' s flood crisis deepens as death toll rises to three - the australian <URL>
2013-01-28,"sending love and dry wishes to my friends and clients in queensland and northern nsw , who are in the line of the flooding ."
2013-01-28,"australia ' s weather in bipolar , last week we were complaining about 50 degree temps and now its flooding ? sort your shit out mother nature ."
2013-01-28,28 / 15:00 est flood warning - mary river ( qld ) <URL>
2013-01-28,our hearts go out to all those affected by the queensland floods . stay safe everyone . #qld <URL>
2013-01-28,the queensland flood appeal 2013 has been launched . please donate by visiting <URL> or contacting 1800 . . .
2013-01-28,qld again in grip of deadly flood disaster - yahoo ! 7 : at least four people are feared dead in queensland ' s unfol . . . <URL>
2013-01-28,#mothernature has #pms bad & is extremely angry right now . qld here has taken a spanking & nsw #bigwet on the way . stay safe people & alert .
2013-01-28,want to volunteer ? register first : <URL> and then download the app : <URL> #bigwet
2013-01-28,#bigwet <URL> lmao ! this is good
2013-01-28,an aerial view of the flood in north bundy #bigwet #devastation ( via <URL> <URL>
2013-01-28,flooding hits eastern australia <URL>
2013-01-28,feel for the people of qld again hit by floods
2013-01-28,warrill view : the cunningham hway is closed due to flooding . #qldtraffic #bigwet
2013-01-28,"queensland is flooding again ? seriously , queensland , this is a concern ."
2013-01-28,"qld premier : flood levels are much lower than 2011 . rain has dropped off and "" we know what ' s coming . "" #bigwet"
2013-01-28,<URL> maryborough queensland golf club in flood january 28th 2013 <URL> #golf #usga #lpga
2013-01-28,qld floods : the town of bundaberg is being evacuated - some homes are completely underwater #2dayfm #newsfeed
2013-01-28,"if you are without tv reception , yahoo ! 7 is streaming live rolling coverage here : <URL> #bigwet #qldfl . . ."
2013-01-28,just a reminder to people . the world isn ' t coming to an end so you don ' t have to clean out ever shelf in the supermarkets #bigwet #qldfloods
2013-01-28,"sandbag production in full swing at newmarket ses hq , thanks to lots of helpers . . . #bigwet <URL>"
2013-01-28,"between 80 and 1 5 0 mms of rain expected in sydney overnight , with winds up to 9 0 km / h . <URL> #bigwet"
2013-01-28,big storm due tonight . . . lots of flooding in queensland and its coming our way tonight .
2013-01-28,a shout out to ses volunteers risking their lives to save others . #bigwet #australiaunderwater
2013-01-28,have no power due to flooding . go to otooles corinda asj if i can charge my phone for a bit and was told no . #bigwet
2013-01-28,<USR> showing an interview which requires a signer and they cut her partly off with that split screen üò≥ #bigwet
2013-01-28,<USR> such a fuck head #bigwet
2013-01-28,damage at the moorooka magic mile . i ' d say the lower limit looks more likely now . #bigwet #brislive <URL>
2013-01-28,deadly floods hits east australia : three people are killed and hundreds of homes are under water in the australi . . . . . .
2013-01-28,<URL> australian state of queensland hit by deadly flooding - bbc news : bbc newsaustral . . . <URL> #topstory
2013-01-28,awesome use of words <USR> #stoicism <USR> #bigwet #peopleofbrisbane
2013-01-28,three killed in queensland floods - irish times <URL>
2013-01-28,seeing all these people affected by the floods is very sad . thoughts r with them . #bigwet #qldfloods
2013-01-28,"floods hit #queensland , australia <URL>"
2013-01-28,three killed in queensland floods - irish times : irish timesthree killed in queensland floodsirish timescheryl m . . . <URL>
2013-01-28,disaster situation declared for brisbane and includes areas of the brisbane city and redlands council areas #bigwet
2013-01-28,"disaster situation has been declared for #brisbane , including brisbane city and redlands council areas #bigwet #qldfloods"
2013-01-28,disaster situation declared for brisbane and includes areas of the brisbane city and redlands council areas #bigwet
2013-01-28,set up a watch area to get official warnings sent straight to your mobile for free . #bigwet #qldfloods #nswfloods http . . .
2013-01-28,australian state of queensland hit by deadly flooding - bbc news : bbc newsaustralian state of queen . . . <URL> #hindusprite
2013-01-28,australian state of queensland hit by deadly flooding - bbc news : bbc newsaustralian state of queensland hit by . . . <URL>
2013-01-28,evacuation centre in #warwick christian college slade campus horseman st . filling with stranded travelers #bigwet #qldfloods <USR>
2013-01-28,lib fundraising on back of qld flood disaster as a devastating cyclone bears down will not earn tony abbott any credit . . .
2013-01-28,disaster situation declared for brisbane and includes areas of the brisbane city and redlands council areas #bigwet
2013-01-28,praying for the rain to stop in qld . everyone stay safe . #qldfloods
2013-01-28,thinking of the people of #bundaberg all very helpful for us just weeks ago at the #accc #goawayrain #bigwet
2013-01-28,we all in australia we have had bush fires flooding in all 2 weeks and still going
2013-01-28,video : floods cause chaos in queensland : three people have died and hundreds of homes are under water after heav . . . <URL>
2013-01-28,video : floods cause chaos in queensland : three people have died and hundreds of homes are under water after heav . . . <URL>
2013-01-28,bbc : video : floods cause chaos in queensland <URL>
2013-01-28,"#lebanon three dead , dramatic rooftop rescues in australia floods <URL> via <USR>"
2013-01-28,looks like we ' ll be waiting a while for our power to be assessed ! or has it already been done ? <USR> #bigwet #bnestorm <URL>
2013-01-28,flood #brisbane #bigwet <URL>
2013-01-28,"#cricket9 if i wanted to watch the floods i ' ll look out the window , put the cricket on channel 9 qld !"
2013-01-28,‚Äú <USR> : bush fires . . now floods . what ' s next ? #qldfloods ‚Äù a fucking massive tsunami
2013-01-28,powerlines on the gold coast rail line have been damaged - no trains tomorrow morning between varsity and beenleigh #bigwet
2013-01-28,only in queensland . #bigwet <URL>
2013-01-28,whoohoo ! thankyou <USR> power back on kiels mtn 4559 . time for a cuppa . #bigwet
2013-01-28,sending prayers to friends and clients who are dealing with the horrific floods and windy conditions . take care . vine #queensland #nsw
2013-01-28,"the flood levy was real help for qld . meanwhile , anti - levy abbott invited by campbell to pose for the cameras . <URL> #auspol"
2013-01-28,<USR> <USR> spare a thought for those of us in the #bigwet qld who can ' t even watch this t20 live . delayed coverage from <USR>
2013-01-28,<USR> there is really bad flooding in parts of australia :(
2013-01-28,expected in court tomorrow but flooded in ? contact your local courthouse tues morning <URL> #bigwet
2013-01-28,has everyone lost abc tv on the gold coast ? #bigwet
2013-01-28,"mt <USR> : normanby bridge , gympie has disappeared under flood water ! ! <URL> #bigwet"
2013-01-28,<USR> we ' ve been doing it tough with fires lately but our thoughts are with you all tonight . #bigwet
2013-01-28,"if i was the type of woman described on daas kapital , i ' d be so popular right now . #daaskapital #bigwet #buoyant"
2013-01-28,"more qld / nsw flood coverage we speak to <USR> & an update on jakarta floods where 40,000 people affected <USR> . . ."
2013-01-28,australia floods trap hundreds <URL>
2013-01-28,"australia . . . sorry to hear of the extreme flooding , several lives lost already . . ."
2013-01-28,"city by city , town by town , the rundown of the queensland flood crisis | the courier - mail : <URL> via <USR>"
2013-01-28,update school closures : an updated school closures list is available now at <URL> - pt #bigwet
2013-01-28,<USR> #bneflood #bigwet #qldfloods <URL>
2013-01-28,we ' re streaming text from <USR> ' s continuing coverage of the flood crisis in qld and northern nsw <URL> . . .
2013-01-28,qld floods i have no electricity or hot water & just got cell service & internet back on my phone . first thing i check <USR> twitter
2013-01-28,australia floods leave hundreds stranded in bundaberg <URL>
2013-01-28,severe weather warning 9:12pm edt for new south wales : <URL> #bigwet #nsw
2013-01-28,qld health confirms every patient from #bundaberg hospital will be airlifted to brisbane #sun7 #bigwet #qldfloods http :/ . . .
2013-01-28,<USR> yeah small positive in the face of it . how ' s it going down there ? #bigwet
2013-01-28,australian emergency services tackle queensland flooding #fire <URL>
2013-01-28,"this is my backyard . . . . australia - fires , heat waves , floods ! 2 emergency id calls just today ! <URL>"
2013-01-28,who does emq turn to for the latest breaking news ? #bigwet #qldfloods <URL>
2013-01-28,"first fire , now floods : australia lashed by rains as tropical cyclone oswald heads towards sydney <URL>"
2013-01-28,flood warnings issued across northern nsw . <URL> #bigwet #nswfloods #nsw
2013-01-28,"non australians : i wish we had an aussie summer ! australia : drought , floods , fire , cyclones , heatwaves . . . . tornadoes"
2013-01-28,"poser rt <USR> : two sand bags , tony . that ' s gonna make a huge difference ! #abbottstunts #bigwet #qld <URL>"
2013-01-28,<USR> omg all the australia summer posts on tumblr are so true ! is it flooding where you are ? it ' s been raining for 2 days in syd :(
2013-01-28,"baby stuffed in bag , hoisted from flood : australia ' s powerful storms led to an amazing rescue of two women and a . . . <URL>"
2013-01-28,"feel very sad for qld . bigger flood than 2011 which was the biggest flood ever , only 2 years ago . how strong are queensl . . ."
2013-01-28,who came up with the hashtag #bigwet for this year ‚Äô s flood ?
2013-01-28,my bedroom roof goddess . hope everyone is safe tonight #sweetdreams #bigwet #brisbane #storm <URL>
2013-01-28,flood lyfe #dosummer #floods #bigwet <USR> <USR> <USR> <URL>
2013-01-28,<USR> please rt to show your support to all those that have lost everything in #aus during the #qldfloods and #ausbushfires . #doinithard
2013-01-28,"omg it ' s like flooding some parts of australia . i ' m praying , holy crap . it hasn ' t stopped raining ."
2013-01-28,#juliagillard would love to be helping out with the floods in the #bigwet but unfortunately her only tool is a knife #auspol
2013-01-28,"#suryaray #surya australia floods : ' we will get through this , ' says queensland premier - telegraph . co . . . . <URL> <USR>"
2013-01-28,"<USR> more tragic the message do not sightsee in extreme weather that ' s how people die goes unheeded , not even highlighted #bigwet"
2013-01-28,friend has lost 4 0 ft catamaran due to burnett river flood . lost mooring at burnett heads . house about to go under . #bigwet
2013-01-28,arveen singh sends in this photo of a tree crushing a forest lake house in brisbane . take care out in the #bigwet http :// t . . . .
2013-01-28,australia floods : entire towns lie submerged under 4 feet of sea foam along east coast ( photos ) <URL> v . . .
2013-01-28,i want to send out my love and thoughts to everyone in qld effected by the floods ! ! be safe and look after your families ! . . .
2013-01-28,mount tamborine is being battered . . gale force winds have brought down a heritage tree <USR> #bigwet http :// t . . .
2013-01-28,. <USR> <USR> <USR> <USR> good grief . i bet queenslanders are missing anna bligh now . #bigwet
2013-01-28,so sad that young child died due to his parents foolish choices . #lifelessons #bigwet
2013-01-28,happy tuesday morning to everyone ( aussie time ) spare a thought for our friends in qld battling horrific floods . . thoughts are with you all
2013-01-28,i liked a <USR> video from <USR> <URL> australia floods : dramatic rescue videos from queensland
2013-01-28,queensland flood emergency - abc online <URL> #brisbane #news
2013-01-28,#ex-tcoswald has reached sydney overnight and yet there ' s still increasing flood concerns back in qld #bigwet
2013-01-28,the abbott packing sandbags 4 tv in brissie is same loto who voted no to qld flood levy but yes to wealthy mums ' welfare #q . . .
2013-01-28,"#qldfloods - important phone numbers , travel info and web links can be found here : <URL> #sun7 #bigwet"
2013-01-28,flooding in queensland now disaster of ' epic proportions ' <URL>
2013-01-28,qld #bigwet could put some dairy farmers out of business <URL>
2013-01-28,‚Äú <USR> : ‚Äú <USR> : yamba road is now closed due to flooding . ‚Äù #bigwet ‚Äù <USR> just made it mate
2013-01-28,"<USR> <USR> i know ! ! ! floods , fire and hot temps ! that ' s australia . ‚ù§ it here though !"
2013-01-28,child injured in yesterday ' s tree fall beside kedron brook has died . he was 3 years old . #bigwet <USR>
2013-01-28,hope once again everyone is safe and well with floods and bushfires across australia :)
2013-01-28,#indooroopilly state high open tues 29 january . please rt <USR> <USR> <USR> #bigwet
2013-01-28,"bhp coalmines hit by floods : bhp , qld ' s biggest coal producer , is set to lose production from its bowen basin co . . . <URL>"
2013-01-28,deputy principal of kenmore south state school has confirmed it will be shut today due to lack of power . #bigwet
2013-01-28,#bigwet helicopter pic #north_bundaberg jan28 <URL> via <USR> prayers go out to family & frien . . .
2013-01-28,"there are massive bush fires all through victoria , yet all they are talking about on the news is the floods in queensland . #wtf #whataboutus"
2013-01-28,"not remove road closed signs . even if the water has subsided , it still needs to be inspected for your safety . #bigwet"
2013-01-28,amazing photo of the rain - thanks to jamie in northgate for this one . #bigwet <URL>
2013-01-28,"all my thoughts go out to the people back home in australia struggling with floods , bushfires and other natural disasters . be safe . xxx"
2013-01-28,so qld is flooding & half the collingwood side is on cocaine . no surprises in todays headlines .
2013-01-28,cgu customers affected by the qld and nsw storms can contact our 24 - hour claims team on 13 24 80 . we hope residents stay safe #bigwet
2013-01-28,some more details on the evacuation order issued for #grafton - #ses says this is a ' flood of record ' . #bigwet <URL>
2013-01-28,tips to stay safe during clean up #bigwet #qldfloods <URL>
2013-01-28,warrego highway at #chinchilla still closed - inspectors lookin gat the area today . <USR> #bigwet #news
2013-01-28,moderate flooding is occurring at goondiwindi with further rises to 8 metres possible during tuesday . #bigwet
2013-01-28,"really grateful i haven ' t been hit by the floods in australia , prayers so go out to all those affected"
2013-01-28,"<USR> hi emma , wld love to speak to you for a story i ' m doing for <USR> on the qld floods - can u follow me so i can dm you ?"
2013-01-28,brisbane braces for flood peak : hundreds of homes in ipswich have escaped inundation in queensland ' s flood crisi . . . http . . .
2013-01-28,blue skies but still no power #bigwet #nopower
2013-01-28,"4 8 hrs without power in a cabin with 2 kids under 5 , but riverlink skill testers have been fully operational #thingsthatshitme #bigwet"
2013-02-03,"<USR> great to hear , we are thinking of you . #bigwet #bundaberg"
2013-02-03,"police : latest road information , have a look at the state highways and motorways report #bigwet #qldtrafficdmr - traffic & travel informa . . ."
2013-02-03,pics from laidley clean - up . still a long way to go till the community gets back to normal <URL> #bigwet #qldfloods
2013-02-03,"the story on the qld floods , crying my eyes out ! the crew of rescuers on that capricorn chopper are true blue heroes <USR> #sn7"
2013-02-03,heartstopping rescue of toddler trapped in flood in australia : <URL> via <USR>
2013-02-03,end of an era as mundubbera bowls club members fear they can ' t recover from queensland 2013 floods | the australian : <URL>
2013-02-03,"#bigwet : crews restored power to 1,295 customers affected by the severe weather generated by ex - tropical cyclone oswald yesterday ."
2013-01-24,"just saw the news , queensland is starting to flood , in between bushfires , cyclones , snow storms , and floods are . . . <URL>"
2013-01-24,<USR> have you bunkered down ali ? #bigwet
2013-01-24,"the bruce highway has now been closed at 12 mile creek , raglan . #bigwet #qldtraffic"
2013-01-24,"police : the burnett highway , six kilometres south of mt morgan has water over it . proceed with caution . #qldtraffic #bigwet . . ."
2013-01-24,up to 14 luxury yachts & houseboats have been washed ashore in the whitsundays #qld #tcoswald #bigwet
2013-01-24,up to 14 luxury yachts & houseboats have been washed ashore in the whitsundays #qld #tcoswald #bigwet
2013-01-24,"rt <USR> as ex - cyclone oswald brings flood chaos to queensland , follow our live coverage : <URL>"
2013-01-24,20 swift water rescues in central qld overnight + more happening now . 280 ses jobs in past 24 hours . #bigwet <USR> . . .
2013-01-23,#bigwet bruce h ' way tully to silky oak closed .
2013-01-23,#bigwet bruce h ' way tully to silky oak closed .
2013-01-23,"#qld police : #bigwet bruce h ' way near mobil service station & butler st , tully . . . <URL>"
2013-01-23,23 / 16:03 est flood warning - coastal rivers - north ( qld ) <URL> #bigwet #qld updated item <URL>
2013-01-23,water across several parts of hugh street . avoid if possible . #townsville #nq #bigwet
2013-01-23,can we keep him ? mt <USR> : you know the #bigwet is here when you find frogs in your home . <URL>
2013-01-23,"ex - cyclone oswald flooding continues . pic from ingham , queensland <URL>"
2013-01-23,"#qld 24 / 08:19 est flood warning - macintyre , weir & border rivers ( qld ) : #qld 24 / 08:19 est flood warning - macin . . . <URL>"
2013-01-23,map : new bureau of meteorology projection for rainfall across australia day long weekend #bigwet <URL>
2013-01-20,video - a world of contrasts . we freeze whilst australia swelters & is threatened by flash floods : <URL> #weather #geography
2013-02-02,"deputy premier jeff seeney on rural towns and #qldflood disaster : "" . . they felt abandoned , they were isolated "" <USR> <URL>"
2013-02-02,<USR> : have a great night ! stay warm and dry #swedishhousemafia #sydney #bigwet
2013-02-02,"so 15,000 farmed crocodiles have escaped in the queensland floods after walls breached by floodwater . . . . . eeeeeeekkkkk"
2013-02-02,don ' t know what ' s worse . insurance companies deserting #flood victims or their pathetic excuses for doing so #bigwet . . . .
2013-02-02,after #bdbflood sunrise #bundaberg #qld feb02 #burnett_river highlighting #qldfloods ravaged banks <URL> ¬© <USR> #bigwet
2013-02-02,<USR> the other 2 3 rds are probably looking for dry ground #qldfloods  donate #toughtimes
2013-02-02,"<USR> came to visit friends & consider moving here . floods , loss of food & $ , stranded in 1 room with 2 small kids , no support"
2013-01-29,"i feel for everyone in queensland , it ' s devastating to see those suffering from the floods . a state full of big heart . . ."
2013-01-29,finally have power ! #qldfloods #bigwet
2013-01-29,"between the floods in australia & the fire in brazil , just trying to put a smile on your face , sending love & p . . ."
2013-01-29,the premier has promised bundaberg the full support of the queensland government . #bigwet
2013-01-29,police expect a significant amount of disruption for motorists travelling on the cunningham highway #bigwet
2013-01-29,": brian egan & team at aussie helpers , helping farmers in times of need . . #bigwet ‚Äù i remember brian : <URL>"
2013-01-29,so qld is flooding & half the collingwood side is on cocaine . no surprises in todays headlines .
2013-01-29,brisbane river near eagle street . . . 20 mins until high tide . #bigwet <URL>
2013-01-29,blackhawk helicopters over north #bundaberg & flooded #burnettriver during mandatory evacuations #qldfloods #bigwet . . .
2013-01-29,"this is why they say ' if it ' s flooded , forget it ' . you never know what damage will be revealed . #bigwet <URL> . . ."
2013-01-29,new england highway from warwick - toowoomba not yet open . road still needs inspection . #bigwet
2013-01-29,29 / 10:52 est flood warning - logan - albert ( qld ) <URL>
2013-01-29,australia floods : entire towns lie submerged under four feet of sea foam along east coast | mail online <URL> #tfb
2013-01-29,"floods to wash away virgin doubts : the return of floods to queensland , and the disruption to leisure aviation th . . . <URL>"
2013-01-29,"devastating to see this tragedy unfolding live on <USR> . stay safe east coast friends , we are here for you ! #nswfloods #qldfloods"
2013-01-29,a bit full #qldfloods #bigwet <URL>
2013-01-29,<USR> are doing a great job despite the petty complaints of some passengers . have some perspective folks . #qldfloods
2013-01-29,the premier has promised bundaberg the full support of the queensland government . #bigwet
2013-01-29,""" climate science has already proved its worth "" <URL> #auspol #bigwet"
2013-01-29,"a reminder to <USR> members , tonight ' s meeting has been postponed to monday feb 11 due to the #bigwet . <URL>"
2013-01-29,queensland #coal sector hurt by heavy #qldfloods ; #bhp hit <URL> #ausbiz
2013-01-29,deadly flood waters rise in eastern australia <URL>
2013-01-29,"<USR> hi stuart , the qld government & red cross have set up a flood appeal you can donate to : <URL>"
2013-01-29,energex says they have repaired nearly 3000 fallen powerlines and will attend to a further 1100 today . #qldfloods #bigwet
2013-01-29,viewer leslie sent in this picture of the gold coast hinterland in flood . #qldfloods #bigwet <URL>
2013-01-29,interested in volunteering with the queensland floods ? register with <USR> here : <URL>
2013-01-29,interested in volunteering with the queensland floods ? register with <USR> here : <URL>
2013-01-29,interested in volunteering with the queensland floods ? register with <USR> here : <URL>
2013-01-29,just in : more than 100 patients have been evacuated from the bundaberg hospital . #bigwet #qldfloods
2013-01-29,brisbane river is decreasing slowly thank god  qld floods
2013-01-29,<USR> power has just been restored here ! thank you <USR> #bigwet
2013-01-29,"energex : 135,000 customers still without power at the moment #bigwet"
2013-01-29,#qldfloods #floods <USR> holmview <URL>
2013-01-29,"<USR> major flood crisis hits qld , australlia . i hope u & ur family r safe !"
2013-01-29,delivered some #bakedrelief to #daisyhill #ses so great to see the smiles on their faces <3 #bigwet #qldfloods
2013-01-29,#flood #australia praying for all the people in australia cyclones are leaving but there is minor flooding everywhere .
2013-01-29,only a few of the many rows of semi - trailers stranded waiting in #warwick #bigwet #qldfloods <USR> <USR> h . . .
2013-01-29,luckily my mother didn ' t allow me to study in queensland or else i could have been stuck in the flood üò±
2013-01-29,floods in beenleigh and eagleby #hometown #bigwet #brisbanefloods <URL>
2013-01-29,"extreme weather ! earlier bush fire & now - photo gallery : three dead , dramatic rescues in australia floods <URL> via <USR>"
2013-01-29,thousands evacuated as flooding hits eastern australia - bloomberg : sydney morning heraldthousands evacuated as . . . <URL>
2013-01-29,photos : flood water rises in australia <URL> #news
2013-01-29,"burning fossil fuels kills people rt <USR> on the heels of the record heat , 4 dead in queensland ' s epic floods . <URL>"
2013-01-29,29 / 13:04 est flood warning - stanley & brisbane above wivenhoe dam ( qld ) <URL>
2013-01-29,tim #believeacoustic #believeacoustic #qldfloods tim tim brisbane river wtf ! ! ! can this be real ? <URL>
2013-01-29,"rescuers battle australia floods : australia is battling flooding in two states , with the inundated queensland ci . . . <URL>"
2013-01-29,rescuers battle australia floods <URL>
2013-01-29,wivenhoe dam 2 <USR> <USR> #bigwet <URL>
2013-01-29,29 / 13:53 est flood warning - mary river ( qld ) <URL>
2013-01-29,developing : muddy water means brisbane can only be supplied with about half of its usual 4 5 0 ml daily consumption . #bigwet
2013-01-29,#australia battles floods in queensland and new south wales <URL> #qldfloods
2013-01-29,wivenhoe dam is qld ' s most important & most dangerous piece of public infrastructure . <USR> <USR> #bigwet <URL>
2013-01-29,"thoughts and prayers to all those affected by the floods & tornados in queenland , australia ! ! #sendinglight"
2013-01-29,"breaking #bigwet #catastrophe zone declared jan29 2:30pm #tweed & #northern_rivers new south wales 41,000 ppl current . . ."
2013-01-29,"in qld ' s criminal code , stealing by looting ( s398 , subs 13 ) carries a max penalty of 10 years ' jail #bigwet #qldfloods <URL>"
2013-01-29,press release : s & pbulletin : queensland ' s rtgs not affected as yet by floods : the material has been provided by i . . . <URL>
2013-01-29,"he marcado como favorito un v√≠deo de <USR> ( <URL> - massive flooding devastates eastern australia ( jan 28 ,"
2013-01-29,lord mayor graham quirk has announced that 50 skip bins will be placed around brisbane for the disposal of spoiled food . #qldfloods
2013-01-29,rescuers battle australia floods <URL>
2013-01-29,hospital patients flee rising floods : heavy flooding in australia caused by torrential rains has forced mass eva . . . <URL>
2013-01-29,hospital patients flee rising floods : heavy flooding in australia caused by torrential rain . . . <URL> <URL>
2013-01-29,hospital patients flee rising floods : heavy flooding in australia caused by torrential rains has forced mass eva . . . <URL>
2013-01-29,general sense that australia ' s floods won ' t cause as much damage to the economy as the 2011 disaster . but it ' s early days . #ausbiz
2013-01-29,military called in as deadly floods batter australia <URL>
2013-01-29,careful on the roads around burnett highway ; viewer jackie bolsover took this shot on the way to biloela . #qldfloods . . .
2013-01-29,rainfall records swamped : as towns and cities along australia ' s eastern seaboard cope with flooding in the wake . . . <URL>
2013-01-29,"#bigwet brisbane river walkway from victoria bridge , just before flood peak . <URL>"
2013-01-29,cc : <USR> rt <USR> : military called in as deadly floods batter australia <URL>
2013-01-29,"we ‚Äô ve had one of our busiest days ever with more than 4,900 roadside rescues and 3,058 insurance claims ! #bigwet"
2013-01-29,#qldfloods the logan river at the bridge at waterford is continuing to rise . <URL>
2013-01-29,floods put strain on australia ' s economy - wall street journal : sky news australiafloods put strain on australia . . . <URL>
2013-01-29,nbn services affected by qld floods - computerworld australia <URL>
2013-01-29,"hello australia ! last night i i stayed up late to take a few photos of the flooding in the northeast , which i ' ll be p . . ."
2013-01-29,annual magazine subscription discounted to support qld flood disaster appeal - don ' t miss out on making a difference <URL>
2013-01-29,at least qlders never lose their sense of humour . #bigwet <URL>
2013-01-29,‚Äú suburbs at risk of running out of water #camphill #bigwet #qldfloods ‚Äù great that would be me ! ! üòê üëé
2013-01-29,"‚Äú <USR> : flooding in maryborough , australia - visible as we flew over tuesday morning , 29 jan . <URL> #fb"
2013-01-29,news from australia - captainmjolnir : queensland is flooded ( again ) new south wales is flooding ( again ) . . . <URL>
2013-01-29,"flooding in maryborough , australia - visible as we flew over tuesday morning , 29 jan . <URL>"
2013-01-29,"it appears i was optimistic grabbing a basket at woolworths , not much left other than donuts and frozen pies #bigwet #rocky"
2013-01-29,"the flooding and flow into the coral sea at gladstone , australia - visible from the space station . <URL>"
2013-01-29,tonight . . . after the flood - we ' ll be joined by insurance council of australia chief rob whelan on the issue of coverag . . .
2013-01-29,"flooding in maryborough , australia - visible as we flew over tuesday morning , 29 jan . <URL>"
2013-01-29,just heard a farmer had to shoot approx 100 sows at mundubbera . . . in preference to them drowning . #bigwet
2013-01-29,"<USR> in nth qld <USR> : before #bigwet ergon job losses to date : fnq 50 , nq 56 & cqld 14 : <URL>"
2013-01-29,this is ( we think ) a grey wolf #spider escorting her young to safety from flooding in #jandowae #bigwet #qldfloods ht . . .
2013-01-29,"the flooding and flow into the coral sea at gladstone , australia - visible from the space station . <URL>"
2013-01-29,currumbin . . . #cyclone #wildweather #bigwet #thealley <USR> currumbin beach <URL>
2013-01-29,"#bigwet rt <USR> : flooding in maryborough , australia - visible as we flew over tuesday morning , 29 jan . <URL>"
2013-01-29,get emergency aus to have warnings sent straight to your mobile for free . #bigwet #qldfloods #nswfloods #bundaberg htt . . .
2013-01-29,"hello australia ! last night i i stayed up late to take a few photos of the flooding in the northeast , which i ' ll be p . . ."
2013-01-29,pics of #qldfloods taken from space are incredible . check out <USR> profile . actually just follow him . all his shots are amazing .
2013-01-29,sbs news 1030 || stefan armbruster in bundaberg & <USR> in brisbane on #bigwet latest | arrests of brazi . . .
2013-01-29,"rt <USR> : the flooding and flow into the coral sea at gladstone , australia - visible from the space station . ht . . ."
2013-01-29,photos i tweeted earlier today were not accessible . now fixed . #bundaberg #bigwet #qldfloods https://t.co/yinwfuws
2013-01-29,"no , a nightmare bus . mt <USR> : grey wolf #spider ( we think ) escorting young from floods in #jandowae #bigwet . . ."
2013-01-29,welcome to your nightmare ! mt <USR> : grey wolf spider escorting young from floods in #jandowae #australia http :// . . .
2013-01-29,"amidst the awful flooding of the last week in qld , there r moments to raise a smile & this is one <URL> . . ."
2013-01-29,brisbane roar getting behind red cross queensland floods appeal 2013 . read more : <URL> #aleague
2013-01-29,"the flooding and flow into the coral sea at gladstone , australia - visible from the space station . <URL>"
2013-01-29,"the flooding and flow into the coral sea at gladstone , australia - visible from the space station . <URL>"
2013-01-29,"#in massive floods hit queensland , new so . wales ; 4 dead , thousands evacuated : massive summer floods killed four . . . <URL>"
2013-01-29,ÿßÿÆÿ®ÿßÿ± ŸáÿßŸÖÿ© hospital evacuated as australia hit by heavy flooding - cnn <URL> ÿßÿÆÿ®ÿßÿ± ŸáÿßŸÖÿ©
2013-01-29,australia lurches from fire to flood <URL>
2013-01-29,"#qldfloods update : bruce hwy open with caution at kybong south of gympie , at midgee & at tiaro , at chinaman creek h . . ."
2013-01-29,keep up to date with the latest flood warnings from the bureau of meteorology <URL> #qldfloods #bigwet
2013-01-29,"the flooding and flow into the coral sea at gladstone , australia - visible from the space station . <URL>"
2013-01-29,storm oswald continues to cause flooding and flight delays in australia - daily mail <URL> #travel
2013-01-29,chococino waves <USR> snapper #qldfloods <URL>
2013-01-29,"the flooding and flow into the coral sea at gladstone , australia - visible from the space station . <URL>"
2013-01-29,live : flooding disaster hits australia ‚Äô s east coast <URL> | #environment #eco
2013-01-29,"floods hit two australian states , thousands evacuated <URL> #climate #floods #australia #australiafloods"
2013-01-29,<USR> can we plz take a minute to pray for the families affected by the floods in australia
2013-01-29,<USR> can we plz take a minute to pray for the families affected by the floods in australia
2013-01-29,climate change blamed for australia ' s recent extreme heat and flooding <URL>
2013-01-29,"the flooding and flow into the coral sea at gladstone , australia - visible from the space station . <URL>"
2013-01-29,<USR> i would like to volunteer to assist with the clean up of the qld floods but dont know who 2 contact about this . . #sun7
2013-01-29,the governor - general will visit some flood affected communities in qld today <USR> <USR> #bigwet
2013-01-29,il cry soo much il flood the rest of australia
2013-01-29,sbs national : southern qld towns prepare for floods : regional towns in queensland ' s south are preparing for floo . . . <URL>
2013-01-29,<USR> motorists re not getting the message about loganlea rd being closed . <URL> #bigwet
2013-01-29,"<URL> "" brisbane has 6 hours worth of water left #sun7 #bigwet #qldfloods """
2013-01-29,photos : severe flooding in australia <URL>
2013-01-29,public service announcement for brisbane . #bigwet <URL>
2013-01-29,your say : ipswich mayor attacks insurance industry <URL> <USR> <USR> #bigwet
2013-01-29,"drama continues as rivers keep rising : queensland ' s flood emergency is not over yet , with entire suburbs in bund . . . <URL>"
2013-01-29,"cotton outlook seen improving in australia after floods , rains <URL>"
2013-01-29,photos : severe flooding in australia <URL>
2013-01-29,"news #savethechildren opens child friendly space at #ipswich evacuation centre , responds to children ' s needs #qldfloods <URL>"
2013-01-29,30 / 09:03 est flood warning - condamine - balonne rivers ( qld ) <URL>
2013-01-29,"the qld floods just happen so often that everyone just forgets about them . i mean every summer , my family gets flooded in #unlucky #flooding"
2013-01-29,search continues for two missing men in queensland as evacuees await return home : <URL> #floods
2013-02-05,emergency payments to flood victims in qld will start immediately . app forms available from tomorrow <URL> or 1800 811 700 .
2013-02-05,#qldpol #auspol <USR> : qld ' s flood appeal committee desperate plea to big business for donations : <URL>
2013-02-05,"new post : after heatwaves and flooding , january declared hottest month on record in australia <URL>"
2013-02-05,qld to discuss flood funding with ludwig : the federal and queensland governments are expected to get the ball ro . . . <URL>
2013-02-04,does anyone have confirmation that the category c provisions of the #ndrra have been granted by the feds in certain regions ? #qldfloods
2013-02-04,"lost ‚Äì two chickens ‚Äì seven hills , #brisbane #qld <URL> via <USR> #qldfloods #bigwet pls rt"
2013-02-04,"looking forward to joining the insurance industry meeting with queensland treasurer tomorrow , to explain the industry response to floods ."
2013-02-04,most major freight routes are open now but there ' s lots of road repairs needed after qld ' s flooding - qld country hour . . .
2013-02-04,#pmaanznews heartbreak as queensland flood impact assessed <URL> #freshproduce
2013-02-04,qld ' s flood appeal committee desperate plea to big business for donations because newman wont look after his own this is crazy stuff
2013-02-04,donations to queensland flood appeal fall short of expectations : <URL>
